label,left_elbow,right_elbow,left_knee,right_knee,shoulder_distance,left_arm_length,right_arm_length
no_exercise,143.04,133.1,135.07,150.41,0.2971,0.6069,0.7341
no_exercise,143.56,135.08,135.66,145.79,0.299,0.6337,0.7292
no_exercise,141.72,132.41,134.56,141.95,0.3037,0.6556,0.7107
no_exercise,141.6,135.17,134.11,141.24,0.3059,0.6603,0.702
no_exercise,143.49,135.14,133.02,141.72,0.308,0.672,0.7188
no_exercise,143.07,131.76,130.45,139.8,0.3082,0.6823,0.729
no_exercise,142.14,129.29,129.94,137.05,0.3087,0.6888,0.7647
no_exercise,141.63,129.76,130.55,139.39,0.3092,0.6869,0.7632
no_exercise,140.06,129.53,130.37,137.74,0.3087,0.7042,0.7722
no_exercise,141.71,130.1,131.33,139.2,0.3091,0.6975,0.7414
no_exercise,139.96,127.82,131.45,140.59,0.3087,0.6989,0.7198
no_exercise,139.69,125.49,131.04,137.64,0.3094,0.6977,0.7037
no_exercise,140.62,122.98,131.16,136.88,0.3104,0.6962,0.725
no_exercise,142.96,123.09,131.71,137.19,0.3116,0.6864,0.7276
no_exercise,143.73,124.99,130.77,137.3,0.312,0.6745,0.7283
no_exercise,146.56,128.25,131.11,137.41,0.3127,0.6744,0.724
no_exercise,147.04,130.07,132.24,139.18,0.3123,0.678,0.7134
no_exercise,147.46,129.51,132.77,136.9,0.3126,0.6748,0.7117
no_exercise,143.18,129.03,132.83,137.35,0.3121,0.6608,0.694
no_exercise,143.37,127.94,133.55,138.83,0.3109,0.6554,0.6727
no_exercise,141.86,126.54,132.35,137.07,0.3103,0.6609,0.6798
no_exercise,146.62,130.67,132.47,143.62,0.3087,0.642,0.6681
no_exercise,146.19,132.35,134.35,154.88,0.3107,0.6228,0.6818
no_exercise,148.56,133.27,137.03,156.13,0.32,0.6161,0.6903
no_exercise,144.32,131.72,138.26,157.98,0.3201,0.5971,0.6925
no_exercise,142.72,131.61,138.31,157.14,0.313,0.5785,0.6861
no_exercise,138.98,131.88,135.76,157.65,0.3243,0.5771,0.737
no_exercise,137.84,125.01,133.1,155.92,0.3294,0.5745,0.7606
no_exercise,135.13,131.77,133.24,158.41,0.3464,0.5934,0.7914
no_exercise,136.36,131.37,135.41,162.69,0.3568,0.5856,0.7616
no_exercise,136.44,127.35,135.07,160.35,0.3619,0.579,0.7588
no_exercise,135.81,127.97,135.55,159.7,0.3382,0.5846,0.7299
no_exercise,135.68,124.29,137.63,163.74,0.3153,0.589,0.7347
no_exercise,135.76,131.76,140.83,160.69,0.3066,0.5856,0.7161
no_exercise,136.68,132.78,142.57,159.31,0.2949,0.5847,0.6951
no_exercise,136.0,135.55,143.85,158.84,0.288,0.5768,0.6349
no_exercise,136.1,135.14,143.49,155.41,0.2909,0.5739,0.6146
no_exercise,133.67,134.12,143.82,155.83,0.2934,0.5693,0.6122
no_exercise,131.56,134.05,143.85,155.49,0.297,0.5743,0.6063
no_exercise,128.48,133.72,144.26,155.7,0.2961,0.5689,0.6048
no_exercise,129.51,133.37,144.53,156.06,0.2946,0.562,0.6091
no_exercise,126.25,134.8,143.78,155.57,0.293,0.5647,0.604
no_exercise,123.87,139.36,143.97,156.71,0.2829,0.534,0.6454
no_exercise,120.87,138.69,145.63,157.4,0.2792,0.5587,0.6464
no_exercise,126.81,138.7,146.32,157.56,0.2771,0.6069,0.6543
no_exercise,128.04,138.82,145.77,157.27,0.2738,0.5645,0.6421
no_exercise,128.97,135.4,150.81,161.35,0.27,0.6246,0.8539
no_exercise,129.31,136.46,151.21,162.02,0.2686,0.6374,0.8309
no_exercise,131.11,135.41,151.49,162.54,0.2642,0.6669,0.8926
no_exercise,131.32,136.73,148.68,159.77,0.2619,0.6655,0.9225
no_exercise,119.77,136.32,149.34,163.01,0.2583,0.6734,0.9059
no_exercise,117.82,137.56,148.43,161.07,0.2592,0.7165,0.9527
no_exercise,113.71,140.21,155.42,171.93,0.2578,0.6645,0.906
no_exercise,114.44,139.28,154.01,171.19,0.259,0.6687,0.8875
no_exercise,114.01,139.45,153.72,170.05,0.2533,0.6961,0.8972
no_exercise,114.06,139.44,152.85,170.49,0.2524,0.6776,0.894
no_exercise,113.57,139.02,151.63,168.86,0.2517,0.6812,0.9259
no_exercise,112.23,139.08,151.46,168.19,0.2513,0.679,0.9415
no_exercise,110.28,135.16,154.64,171.52,0.2524,0.7028,0.9124
no_exercise,107.84,132.51,155.24,171.88,0.2462,0.7019,0.9113
no_exercise,106.84,130.81,154.95,172.12,0.2487,0.7189,0.9351
no_exercise,107.06,130.4,154.08,171.93,0.2468,0.7197,0.9294
no_exercise,107.15,131.38,154.54,171.16,0.2467,0.7348,0.939
no_exercise,107.67,130.76,154.28,170.52,0.2463,0.7304,0.9298
no_exercise,105.51,128.93,154.26,170.2,0.2422,0.7208,0.9202
no_exercise,104.8,126.08,154.52,170.96,0.2404,0.7019,0.8865
no_exercise,106.11,125.13,153.51,170.14,0.239,0.6963,0.8936
no_exercise,106.67,125.95,150.73,167.71,0.2394,0.6905,0.9211
no_exercise,112.98,131.46,147.66,162.35,0.2467,0.7296,0.9542
no_exercise,114.06,132.95,146.68,160.71,0.25,0.7418,0.9849
no_exercise,111.39,135.12,146.7,160.82,0.2497,0.7189,0.994
no_exercise,116.4,136.55,145.69,160.67,0.2521,0.7732,0.9908
no_exercise,122.07,138.06,146.33,158.53,0.2558,0.7945,0.9534
no_exercise,125.36,138.03,146.71,158.44,0.2578,0.8277,0.9333
no_exercise,122.07,136.82,148.73,160.24,0.2571,0.8021,0.8881
no_exercise,121.66,135.33,146.15,159.65,0.2577,0.8333,0.9095
no_exercise,123.1,132.68,143.27,152.78,0.2667,0.8844,0.8988
no_exercise,119.85,131.2,147.6,151.4,0.2634,0.861,0.9436
no_exercise,119.32,132.47,145.58,152.83,0.2695,0.8266,0.9462
no_exercise,118.45,134.21,147.58,155.19,0.2682,0.8184,0.962
no_exercise,119.0,125.41,148.64,156.81,0.2732,0.8171,0.8586
no_exercise,119.23,119.26,147.23,156.81,0.2706,0.7956,0.8121
no_exercise,119.51,124.22,148.03,157.47,0.2702,0.7803,0.8486
no_exercise,116.97,125.02,147.66,156.51,0.2689,0.778,0.859
no_exercise,113.95,121.53,146.71,152.08,0.2694,0.7975,0.8879
no_exercise,113.81,121.35,146.73,154.18,0.2741,0.8165,0.8929
no_exercise,113.63,119.82,147.55,155.14,0.2754,0.8152,0.8636
no_exercise,114.75,118.63,147.33,156.46,0.2774,0.8073,0.8299
no_exercise,114.98,116.95,147.29,156.08,0.2795,0.7984,0.8343
no_exercise,116.48,117.5,145.28,152.79,0.2802,0.7908,0.8466
no_exercise,115.17,123.3,144.53,152.94,0.2768,0.7698,0.8678
no_exercise,116.03,121.97,143.52,153.29,0.2769,0.7822,0.8535
no_exercise,115.88,121.62,143.69,150.71,0.2773,0.7888,0.8736
no_exercise,113.83,120.84,141.85,149.25,0.2751,0.7701,0.8678
no_exercise,113.02,121.11,142.15,150.32,0.2743,0.7792,0.8887
no_exercise,112.36,120.89,141.13,149.0,0.2742,0.7902,0.8961
no_exercise,113.78,120.79,141.56,148.73,0.2748,0.8166,0.9202
no_exercise,115.48,121.15,142.83,150.26,0.276,0.8203,0.9124
no_exercise,114.08,123.83,144.79,150.9,0.2765,0.8135,0.9393
no_exercise,112.97,124.25,145.42,152.49,0.2802,0.8106,0.9437
no_exercise,112.01,124.56,145.86,152.98,0.2805,0.8083,0.9429
no_exercise,112.17,123.09,145.86,153.36,0.2808,0.8085,0.9182
no_exercise,112.14,121.2,145.85,153.6,0.2804,0.816,0.8902
no_exercise,111.93,120.75,146.13,153.99,0.2806,0.8161,0.9003
no_exercise,112.69,120.57,147.22,155.67,0.2789,0.8214,0.8772
no_exercise,112.43,118.55,148.79,157.78,0.2784,0.8193,0.8615
no_exercise,112.7,119.99,149.44,157.95,0.2814,0.8228,0.8796
no_exercise,112.0,120.21,149.82,156.78,0.2863,0.821,0.9084
no_exercise,112.43,122.32,149.18,157.78,0.2905,0.8177,0.974
no_exercise,112.87,124.53,145.91,162.33,0.3112,0.8393,1.0253
no_exercise,112.18,123.14,144.28,161.75,0.3075,0.8341,1.0254
no_exercise,107.85,120.97,144.59,162.85,0.3022,0.8225,1.0278
no_exercise,104.79,118.48,144.59,162.19,0.2958,0.8188,1.0169
no_exercise,103.36,119.59,143.51,161.12,0.303,0.8143,1.0159
no_exercise,104.61,118.59,143.25,160.37,0.2945,0.8697,1.0027
no_exercise,104.89,117.73,143.24,160.25,0.2942,0.8761,0.9982
no_exercise,105.87,116.14,141.82,159.97,0.2893,0.8999,1.0107
no_exercise,109.57,117.42,141.08,159.85,0.286,0.9321,1.0288
no_exercise,108.17,119.64,141.04,159.81,0.2828,0.9201,1.0492
no_exercise,108.49,120.79,140.11,158.67,0.2792,0.9205,1.063
no_exercise,110.62,118.57,137.91,157.83,0.2803,0.9374,1.0453
no_exercise,112.08,118.69,136.02,156.8,0.284,0.9566,1.0448
no_exercise,107.66,117.18,138.03,156.38,0.2856,0.9267,1.0323
no_exercise,106.79,115.5,138.8,157.91,0.2848,0.9139,1.0014
no_exercise,106.22,116.34,139.81,160.83,0.2878,0.9145,1.0049
no_exercise,105.71,116.22,140.3,161.7,0.2873,0.9025,1.0061
no_exercise,103.92,116.83,140.28,162.39,0.2869,0.8728,1.0107
no_exercise,105.2,119.26,139.98,161.82,0.2907,0.8763,1.0474
no_exercise,105.65,120.59,139.72,161.74,0.2889,0.8807,1.0781
no_exercise,106.69,120.78,139.16,162.07,0.289,0.8833,1.0783
no_exercise,108.13,120.88,138.62,161.87,0.288,0.9021,1.0773
no_exercise,108.11,120.82,139.2,162.15,0.2863,0.9109,1.0802
no_exercise,107.39,120.31,138.81,161.98,0.2875,0.9089,1.0804
no_exercise,104.21,118.4,137.5,158.93,0.2944,0.8782,1.0699
no_exercise,103.64,117.53,138.18,157.44,0.2917,0.877,1.0636
no_exercise,103.08,116.77,138.76,157.02,0.2904,0.8722,1.0532
no_exercise,102.98,115.33,139.39,157.84,0.2907,0.873,1.0357
no_exercise,104.15,115.21,139.43,156.83,0.2913,0.8891,1.0348
no_exercise,106.24,117.49,138.83,159.76,0.3,0.909,1.0657
no_exercise,107.14,117.93,138.4,159.82,0.2986,0.9254,1.071
no_exercise,106.62,116.68,138.9,161.23,0.2924,0.9412,1.0557
no_exercise,104.21,114.19,139.51,162.26,0.2932,0.9285,1.0307
no_exercise,102.78,113.04,140.75,162.39,0.2936,0.9162,1.0258
no_exercise,103.9,111.53,139.6,162.99,0.2967,0.9286,1.0001
no_exercise,101.52,107.93,138.85,162.31,0.3016,0.8981,0.9512
no_exercise,94.6,107.5,137.99,164.23,0.3001,0.8393,0.9541
no_exercise,92.41,105.9,139.47,165.51,0.2963,0.8166,0.9367
no_exercise,86.76,103.98,140.5,168.04,0.2975,0.7804,0.9204
no_exercise,90.68,104.35,140.79,169.07,0.2944,0.8115,0.9356
no_exercise,92.48,105.98,140.23,170.92,0.2917,0.819,0.9404
no_exercise,92.76,105.81,142.18,171.21,0.2903,0.8187,0.935
no_exercise,91.81,104.75,142.33,171.6,0.2915,0.8114,0.9192
no_exercise,93.18,105.24,142.05,171.58,0.2907,0.8211,0.9209
no_exercise,91.08,104.31,142.1,170.98,0.2893,0.8029,0.9111
no_exercise,87.49,102.16,142.19,168.41,0.2888,0.7628,0.8857
no_exercise,86.72,100.37,142.86,166.47,0.2856,0.7423,0.867
no_exercise,94.66,100.55,141.42,162.4,0.2805,0.7056,0.823
no_exercise,99.48,104.32,142.08,160.22,0.2795,0.7006,0.8327
no_exercise,98.1,106.33,142.57,159.36,0.2798,0.6822,0.8401
no_exercise,97.89,105.69,141.53,159.02,0.2803,0.6627,0.8164
no_exercise,98.0,106.53,141.46,158.66,0.2806,0.6589,0.8222
no_exercise,96.0,108.98,141.42,159.21,0.2816,0.6466,0.8168
no_exercise,99.2,111.99,143.08,159.19,0.2793,0.6301,0.8057
no_exercise,100.67,116.27,142.33,158.59,0.2788,0.6376,0.8423
no_exercise,95.75,116.74,141.65,158.71,0.2792,0.6198,0.8451
no_exercise,90.84,114.35,140.88,157.6,0.2784,0.5941,0.8172
no_exercise,91.52,113.48,140.75,155.58,0.2775,0.5933,0.8131
no_exercise,89.49,112.64,141.4,157.59,0.2764,0.5829,0.8015
no_exercise,92.22,112.52,141.62,158.12,0.2754,0.5928,0.8034
no_exercise,94.24,111.65,140.73,157.37,0.2751,0.6027,0.7862
no_exercise,96.78,110.03,140.44,155.96,0.2735,0.6143,0.7668
no_exercise,93.73,112.91,141.68,158.28,0.2726,0.6029,0.7837
no_exercise,93.77,112.12,143.97,160.62,0.2689,0.5958,0.7673
no_exercise,93.25,113.73,143.69,158.58,0.2676,0.5921,0.7762
no_exercise,95.03,113.92,143.59,157.72,0.2658,0.5974,0.7747
no_exercise,95.5,113.68,143.29,156.76,0.2654,0.5961,0.7686
no_exercise,94.24,112.88,142.28,156.82,0.2655,0.5862,0.7586
no_exercise,96.12,113.73,142.27,156.81,0.2661,0.5971,0.7647
no_exercise,98.97,113.8,142.07,155.71,0.2662,0.6112,0.7601
no_exercise,104.28,118.58,141.41,154.92,0.266,0.6465,0.8063
no_exercise,102.85,116.9,141.64,154.95,0.2654,0.6347,0.788
no_exercise,105.04,119.19,142.22,154.46,0.2651,0.6517,0.8219
no_exercise,103.25,109.33,141.95,152.27,0.2653,0.6401,0.7247
no_exercise,100.84,101.61,142.77,154.86,0.2679,0.6266,0.6068
no_exercise,100.73,82.92,143.64,158.04,0.2747,0.6245,0.4863
no_exercise,100.5,82.54,143.38,157.95,0.2786,0.6261,0.4705
no_exercise,106.78,84.4,141.37,159.82,0.2778,0.6795,0.4714
no_exercise,128.2,106.38,145.18,159.24,0.2745,0.9205,0.4738
no_exercise,131.08,109.01,146.34,158.0,0.2741,0.9736,0.4795
no_exercise,132.1,107.58,144.88,156.32,0.2711,0.9957,0.4767
no_exercise,132.53,106.33,143.83,156.18,0.2706,1.0,0.4758
no_exercise,133.16,109.14,143.63,155.68,0.2723,1.0102,0.47
no_exercise,133.76,113.75,141.48,152.79,0.2741,1.0276,0.4812
no_exercise,133.57,112.88,141.4,154.41,0.2759,1.0262,0.5022
no_exercise,133.2,115.81,141.99,154.8,0.275,1.0156,0.4967
no_exercise,132.63,117.55,143.29,152.34,0.2758,1.0027,0.4985
no_exercise,133.05,120.48,144.24,153.43,0.2759,1.0116,0.4955
no_exercise,132.01,113.43,145.51,158.03,0.2738,0.9893,0.4938
no_exercise,131.49,112.26,143.25,156.53,0.2738,0.98,0.5093
no_exercise,130.89,110.12,141.53,154.36,0.2749,0.9721,0.5079
no_exercise,129.98,107.32,142.49,155.39,0.2759,0.9492,0.497
no_exercise,128.55,106.1,142.46,156.21,0.2775,0.9248,0.4728
no_exercise,129.96,104.48,142.9,158.91,0.2792,0.9473,0.4696
no_exercise,120.14,87.21,143.35,157.83,0.2928,0.8054,0.5081
no_exercise,116.72,80.0,143.7,157.61,0.2953,0.7761,0.505
no_exercise,116.31,93.8,144.8,160.15,0.3055,0.7716,0.5765
no_exercise,111.11,91.15,146.14,159.88,0.3031,0.7224,0.5788
no_exercise,112.84,95.78,147.17,159.04,0.2949,0.744,0.6038
no_exercise,114.54,114.76,146.67,159.13,0.2898,0.7643,0.7615
no_exercise,112.16,115.19,145.81,157.43,0.2823,0.747,0.7922
no_exercise,112.37,118.69,145.91,157.66,0.2774,0.7548,0.8681
no_exercise,108.08,116.61,146.89,157.7,0.2784,0.7215,0.8497
no_exercise,110.5,118.68,145.86,157.33,0.2794,0.7472,0.8811
no_exercise,104.17,116.58,144.23,158.1,0.28,0.6991,0.8567
no_exercise,104.0,116.33,142.81,156.66,0.2786,0.6982,0.8492
no_exercise,97.12,116.17,143.3,158.2,0.278,0.6507,0.8415
no_exercise,99.75,116.15,143.64,157.97,0.2786,0.6629,0.839
no_exercise,101.33,117.24,144.79,156.81,0.2802,0.6469,0.8564
no_exercise,101.94,119.47,146.02,156.16,0.2866,0.6428,0.8867
no_exercise,100.02,118.58,146.38,155.99,0.2934,0.6326,0.8763
no_exercise,104.39,114.64,146.69,155.86,0.2967,0.6484,0.8292
no_exercise,96.61,100.94,143.47,154.2,0.3063,0.5483,0.713
no_exercise,96.08,88.0,141.93,153.43,0.3096,0.5383,0.6446
no_exercise,92.37,89.03,139.68,152.31,0.3174,0.528,0.6376
no_exercise,93.39,91.53,139.59,152.57,0.3195,0.5303,0.6447
no_exercise,92.48,89.95,138.81,151.67,0.3267,0.5326,0.631
no_exercise,95.37,96.24,140.14,151.82,0.3266,0.5483,0.6624
no_exercise,95.66,100.78,141.82,146.48,0.3224,0.5357,0.6854
no_exercise,116.76,111.99,143.05,145.89,0.3098,0.7345,0.7724
no_exercise,126.01,116.85,143.8,148.62,0.3014,0.8597,0.8233
no_exercise,113.73,112.34,146.09,152.47,0.2981,0.7389,0.7785
no_exercise,107.25,108.3,146.51,155.05,0.2896,0.6957,0.7417
no_exercise,106.05,111.83,147.22,155.76,0.2824,0.7059,0.7723
no_exercise,106.63,117.74,145.85,156.99,0.2803,0.7058,0.8364
no_exercise,102.02,114.62,144.39,157.3,0.2803,0.7013,0.8062
no_exercise,101.39,118.17,143.65,161.24,0.279,0.7136,0.8526
no_exercise,101.71,117.16,142.87,160.5,0.2799,0.7191,0.8441
no_exercise,102.3,116.36,142.92,159.88,0.2803,0.7252,0.8371
no_exercise,102.79,113.1,143.13,159.08,0.2804,0.7295,0.8054
no_exercise,100.77,112.44,143.39,159.27,0.2803,0.7127,0.7996
no_exercise,99.97,112.65,144.11,160.74,0.2798,0.7083,0.8052
no_exercise,99.8,112.93,144.45,160.97,0.2804,0.7052,0.8083
no_exercise,94.94,111.73,144.56,162.13,0.2796,0.6938,0.8037
no_exercise,92.88,109.65,145.04,162.52,0.2771,0.711,0.8233
no_exercise,90.72,106.97,145.59,162.48,0.276,0.7022,0.8451
no_exercise,90.36,106.04,145.17,162.13,0.2754,0.6849,0.8555
no_exercise,88.55,106.34,143.87,162.78,0.2766,0.6873,0.8854
no_exercise,96.14,113.46,143.9,164.36,0.2833,0.8515,1.0102
no_exercise,93.52,112.09,142.47,160.5,0.2879,0.8426,0.9817
no_exercise,98.19,114.48,139.65,154.84,0.2891,0.8884,1.0368
no_exercise,111.5,123.99,136.35,150.2,0.2908,0.9932,1.1711
no_exercise,113.49,123.49,137.53,150.05,0.2891,1.0039,1.1514
no_exercise,115.91,127.99,139.86,151.16,0.2812,0.9865,1.0636
no_exercise,104.39,120.9,144.38,161.64,0.2915,0.747,0.9345
no_exercise,105.89,118.53,140.28,165.3,0.3041,0.6938,0.8559
no_exercise,109.18,119.59,135.6,164.03,0.3059,0.6448,0.7846
no_exercise,113.82,121.78,135.39,166.92,0.3088,0.6257,0.7483
no_exercise,114.77,114.74,132.21,169.06,0.2847,0.5914,0.6152
no_exercise,114.15,111.06,131.61,164.48,0.288,0.6068,0.6243
no_exercise,116.6,113.26,134.07,161.15,0.2855,0.6049,0.651
no_exercise,115.86,111.8,133.04,160.13,0.2794,0.6049,0.6577
no_exercise,115.92,115.43,132.25,159.68,0.2839,0.6023,0.618
no_exercise,115.63,113.24,131.73,148.2,0.2855,0.6059,0.6101
no_exercise,116.47,115.47,130.67,148.9,0.288,0.6185,0.6382
no_exercise,118.37,114.89,133.47,154.28,0.3048,0.6198,0.6615
no_exercise,118.13,110.22,130.76,157.71,0.3044,0.6081,0.6344
no_exercise,119.57,107.78,132.28,159.65,0.3268,0.603,0.6529
no_exercise,127.81,97.77,126.34,157.4,0.3757,0.6171,0.6393
no_exercise,131.84,104.77,128.51,159.23,0.3777,0.6227,0.6558
no_exercise,138.35,103.9,127.72,156.26,0.3681,0.6555,0.6745
no_exercise,139.78,108.13,127.68,156.1,0.3588,0.638,0.6577
no_exercise,143.62,111.63,125.1,156.84,0.4056,0.6658,0.6987
no_exercise,143.29,114.31,127.03,159.19,0.4095,0.659,0.7049
no_exercise,143.7,110.53,124.07,157.24,0.4315,0.6707,0.7168
no_exercise,143.07,106.03,123.79,158.82,0.4697,0.6687,0.7301
no_exercise,141.92,104.46,123.77,157.34,0.465,0.6702,0.7102
bicep_curl,141.34,105.85,125.23,157.24,0.4511,0.6709,0.6981
bicep_curl,141.43,98.58,124.81,156.84,0.4696,0.6724,0.7054
bicep_curl,141.88,95.31,125.08,155.59,0.4854,0.6719,0.7115
bicep_curl,140.77,94.01,124.5,148.11,0.4808,0.6721,0.6952
bicep_curl,141.77,95.61,123.98,149.0,0.4695,0.6709,0.6968
bicep_curl,141.56,92.2,122.89,148.28,0.4841,0.6697,0.6972
bicep_curl,138.45,94.9,126.49,150.33,0.4741,0.6361,0.6566
bicep_curl,135.8,90.43,128.77,153.35,0.4176,0.6263,0.6662
bicep_curl,134.96,88.5,128.09,153.03,0.4179,0.6273,0.6783
bicep_curl,134.8,88.36,127.7,153.01,0.4186,0.6334,0.6799
bicep_curl,133.89,89.01,128.47,151.19,0.4181,0.6406,0.6849
bicep_curl,124.91,91.12,126.75,144.8,0.3623,0.6569,0.7184
bicep_curl,122.97,85.52,124.92,141.67,0.348,0.6681,0.7143
bicep_curl,121.09,84.24,124.42,141.59,0.351,0.6748,0.7157
bicep_curl,117.77,81.94,125.85,141.29,0.3369,0.673,0.7098
bicep_curl,113.99,79.87,126.65,141.08,0.3263,0.6462,0.7119
bicep_curl,117.29,84.86,133.96,141.8,0.3036,0.6388,0.6941
bicep_curl,112.93,87.13,131.16,140.23,0.3044,0.635,0.6785
bicep_curl,113.45,87.54,131.51,142.77,0.3024,0.6368,0.6745
bicep_curl,117.13,92.05,134.07,145.88,0.2877,0.6436,0.6652
bicep_curl,117.43,95.92,137.61,142.37,0.294,0.5944,0.555
bicep_curl,120.04,94.93,139.05,148.23,0.2881,0.6153,0.5847
bicep_curl,118.65,97.69,140.5,148.57,0.2855,0.602,0.5545
bicep_curl,123.36,105.45,140.87,150.72,0.2888,0.6263,0.6305
bicep_curl,121.16,114.48,144.29,157.39,0.274,0.6466,0.6175
bicep_curl,117.07,114.98,143.19,158.86,0.2748,0.6434,0.5798
bicep_curl,106.85,111.95,147.39,159.14,0.2668,0.6295,0.5731
bicep_curl,108.87,110.62,147.06,158.47,0.2658,0.6323,0.5937
bicep_curl,115.47,116.65,144.12,158.06,0.2622,0.7048,0.7093
bicep_curl,116.1,111.94,137.41,155.57,0.2743,0.8029,0.7114
bicep_curl,121.79,106.99,132.66,148.04,0.2815,0.8295,0.7587
bicep_curl,127.07,116.91,132.95,146.63,0.2797,0.9428,0.8357
bicep_curl,122.55,130.74,135.08,146.32,0.2793,0.9406,0.9527
bicep_curl,118.68,132.25,138.14,148.12,0.2831,0.8908,0.9864
bicep_curl,112.04,134.07,144.05,152.15,0.2839,0.8993,0.9825
bicep_curl,104.1,134.18,145.75,153.88,0.2882,0.8361,0.9824
bicep_curl,102.91,136.49,144.77,155.23,0.2869,0.8534,1.0727
bicep_curl,102.02,133.49,143.85,155.85,0.2878,0.8485,1.033
bicep_curl,100.92,132.2,143.22,158.54,0.2865,0.8265,1.0183
bicep_curl,97.96,133.8,143.59,158.08,0.2818,0.8038,1.0025
bicep_curl,96.56,132.61,144.44,162.57,0.2776,0.7996,0.9902
bicep_curl,97.26,132.12,147.56,165.29,0.2757,0.7952,0.9781
bicep_curl,100.24,130.27,150.24,165.05,0.2743,0.7968,0.9712
bicep_curl,97.46,127.6,150.22,160.92,0.2731,0.7686,0.9797
bicep_curl,100.65,124.76,149.65,161.67,0.2704,0.7849,0.9671
bicep_curl,103.68,126.73,154.81,170.53,0.2489,0.7798,0.9769
bicep_curl,101.45,128.65,155.85,170.74,0.2471,0.754,0.9966
bicep_curl,95.76,129.9,152.46,165.23,0.2397,0.7055,0.9875
bicep_curl,99.14,128.0,152.01,172.41,0.2296,0.6922,0.938
bicep_curl,91.89,129.52,153.46,173.36,0.2294,0.6688,0.9671
bicep_curl,94.74,129.78,151.89,170.41,0.2264,0.6731,0.9634
bicep_curl,91.62,130.17,152.42,169.89,0.2243,0.6477,0.9708
bicep_curl,90.82,128.07,151.85,169.76,0.2234,0.6389,0.9546
bicep_curl,93.03,124.32,150.62,168.93,0.2218,0.6287,0.894
bicep_curl,95.85,125.76,148.55,169.16,0.2229,0.6482,0.9365
bicep_curl,98.72,123.34,151.23,170.77,0.2216,0.6668,0.8941
bicep_curl,98.03,125.09,149.56,170.92,0.2248,0.6618,0.9128
bicep_curl,93.89,125.83,149.78,171.35,0.2253,0.6367,0.9197
bicep_curl,96.97,126.64,149.29,171.07,0.2258,0.6458,0.9254
bicep_curl,108.07,121.9,148.52,170.11,0.2156,0.7139,0.8632
bicep_curl,109.63,122.21,148.77,169.48,0.213,0.7268,0.8718
bicep_curl,111.13,121.14,148.37,170.3,0.2112,0.7228,0.8623
bicep_curl,108.0,120.77,147.95,168.32,0.2125,0.707,0.8507
bicep_curl,107.56,120.16,146.63,167.98,0.2145,0.7038,0.8426
bicep_curl,105.09,121.73,146.16,168.18,0.2156,0.6896,0.8587
bicep_curl,103.31,121.92,144.89,167.25,0.2157,0.6807,0.862
bicep_curl,99.68,121.83,146.51,169.9,0.216,0.6502,0.881
bicep_curl,99.69,121.13,144.97,168.92,0.2201,0.6215,0.8976
bicep_curl,103.76,120.69,144.06,168.7,0.2234,0.6324,0.8953
bicep_curl,100.41,119.29,144.67,173.05,0.2201,0.6272,0.8663
bicep_curl,93.72,115.36,144.14,173.04,0.2168,0.5874,0.8087
bicep_curl,98.25,110.23,145.18,177.62,0.2163,0.6057,0.7296
bicep_curl,100.94,106.99,145.36,177.52,0.2146,0.6111,0.6994
bicep_curl,100.28,112.21,144.93,178.0,0.2156,0.6213,0.7374
bicep_curl,102.09,111.44,145.09,177.68,0.2149,0.623,0.7148
bicep_curl,103.23,103.35,145.22,178.22,0.2159,0.6195,0.6415
bicep_curl,104.79,103.67,145.17,178.65,0.2139,0.638,0.6156
bicep_curl,104.41,102.33,145.26,178.42,0.2122,0.6238,0.5966
bicep_curl,98.51,98.77,144.46,177.93,0.2104,0.603,0.5526
bicep_curl,98.76,97.29,144.15,175.56,0.2116,0.5964,0.5655
bicep_curl,119.99,95.57,143.0,170.69,0.2134,0.7545,0.489
bicep_curl,126.04,94.15,142.83,169.06,0.2126,0.8094,0.4645
bicep_curl,128.94,92.84,141.58,170.54,0.2108,0.8478,0.4598
bicep_curl,132.2,91.35,140.63,170.12,0.2104,0.8756,0.4647
bicep_curl,130.67,93.17,140.84,170.16,0.2123,0.8696,0.4786
bicep_curl,127.57,96.14,142.58,173.37,0.2138,0.8295,0.4833
bicep_curl,126.59,99.37,142.77,172.5,0.2191,0.835,0.4859
bicep_curl,124.36,97.43,142.13,170.29,0.2186,0.7982,0.5038
bicep_curl,125.26,99.57,142.24,168.93,0.2187,0.8024,0.4878
bicep_curl,125.47,98.7,141.83,168.37,0.2182,0.8085,0.4953
bicep_curl,125.88,97.48,141.46,170.2,0.2215,0.818,0.4984
bicep_curl,125.78,97.16,142.57,171.33,0.2213,0.8162,0.5034
bicep_curl,127.25,97.27,141.45,171.0,0.2216,0.8301,0.5013
bicep_curl,127.0,96.87,141.57,172.31,0.2212,0.8352,0.5046
bicep_curl,126.91,97.64,140.42,172.49,0.2228,0.8307,0.5062
bicep_curl,127.51,97.74,139.72,172.46,0.221,0.8244,0.5053
bicep_curl,124.86,100.37,141.94,173.6,0.2194,0.7833,0.5015
bicep_curl,122.61,100.65,144.85,172.55,0.2152,0.7612,0.5033
bicep_curl,131.24,100.69,143.24,170.21,0.213,0.8147,0.496
bicep_curl,133.41,100.05,143.44,166.41,0.2114,0.8122,0.4789
bicep_curl,134.15,99.13,143.42,165.12,0.2104,0.8116,0.4765
bicep_curl,132.92,97.6,142.0,165.63,0.21,0.7911,0.4814
bicep_curl,128.01,101.15,143.36,166.63,0.212,0.6259,0.51
bicep_curl,123.61,103.12,143.01,167.09,0.2191,0.5603,0.5201
bicep_curl,117.45,103.73,144.0,166.68,0.2212,0.5189,0.525
bicep_curl,106.03,103.8,144.68,165.63,0.2149,0.4857,0.5375
bicep_curl,108.94,106.18,138.94,170.63,0.2142,0.4984,0.5279
bicep_curl,109.85,104.96,137.07,169.84,0.2158,0.5384,0.5296
bicep_curl,111.29,103.33,138.1,170.23,0.2158,0.5567,0.5342
bicep_curl,122.48,106.59,140.16,172.97,0.2311,0.5726,0.5237
bicep_curl,125.18,108.4,138.9,171.83,0.2282,0.5679,0.5158
bicep_curl,124.4,109.99,139.06,170.92,0.2238,0.5762,0.5108
bicep_curl,125.06,112.99,136.78,171.22,0.2245,0.5737,0.5091
bicep_curl,126.27,115.72,137.92,172.79,0.2237,0.5669,0.507
bicep_curl,124.29,118.37,135.19,164.74,0.2158,0.5751,0.5043
bicep_curl,116.98,122.58,139.55,163.27,0.2167,0.5326,0.4935
bicep_curl,110.61,124.21,139.88,161.12,0.2193,0.5093,0.4993
bicep_curl,106.15,123.93,138.05,155.12,0.2261,0.4883,0.5029
bicep_curl,104.29,127.09,139.2,154.84,0.2316,0.4784,0.5066
bicep_curl,127.57,129.2,140.67,150.59,0.2279,0.6356,0.4621
bicep_curl,134.03,126.08,142.39,153.22,0.2218,0.7107,0.4669
bicep_curl,133.63,121.45,141.51,151.46,0.2191,0.7458,0.4653
bicep_curl,129.15,121.48,141.06,151.66,0.2178,0.7137,0.4594
bicep_curl,121.81,126.03,142.2,155.33,0.2181,0.6665,0.453
bicep_curl,120.35,125.21,143.19,158.09,0.2177,0.6665,0.4523
bicep_curl,113.65,125.86,143.19,160.2,0.2167,0.6237,0.451
bicep_curl,111.1,127.73,144.51,161.26,0.2167,0.612,0.4496
bicep_curl,115.54,125.51,145.07,161.25,0.2155,0.6372,0.4528
bicep_curl,114.25,124.14,145.24,161.87,0.2138,0.6267,0.4555
bicep_curl,119.54,123.72,145.03,161.1,0.2159,0.67,0.4529
bicep_curl,122.25,119.21,144.85,160.86,0.2166,0.6961,0.4649
bicep_curl,123.46,120.03,144.35,160.28,0.2172,0.7119,0.462
bicep_curl,122.16,118.16,143.69,159.0,0.2189,0.6915,0.4691
bicep_curl,122.38,117.32,143.11,158.45,0.2198,0.6929,0.4728
bicep_curl,122.02,118.07,142.77,157.8,0.2199,0.6886,0.4726
bicep_curl,121.17,122.06,143.04,156.66,0.2194,0.6777,0.4555
bicep_curl,112.9,125.98,143.02,157.12,0.2197,0.6393,0.4462
bicep_curl,116.2,121.57,142.81,156.25,0.2188,0.658,0.4543
bicep_curl,124.12,123.05,141.56,155.53,0.2131,0.7093,0.4513
bicep_curl,125.45,123.13,141.78,155.44,0.2117,0.7168,0.45
bicep_curl,128.55,119.46,140.36,153.69,0.2135,0.7543,0.4626
bicep_curl,131.7,119.47,140.65,152.94,0.2142,0.7458,0.4721
bicep_curl,133.39,120.7,139.82,152.99,0.2142,0.7323,0.4691
bicep_curl,133.92,121.72,140.42,153.12,0.2149,0.7169,0.474
bicep_curl,109.93,123.67,139.76,150.87,0.2293,0.4766,0.5101
bicep_curl,108.84,122.05,136.74,153.12,0.2263,0.4574,0.5062
bicep_curl,108.31,118.82,133.71,152.69,0.221,0.486,0.4976
bicep_curl,106.66,117.35,133.71,152.3,0.2205,0.4905,0.4991
bicep_curl,117.85,112.42,138.01,158.14,0.2181,0.5139,0.52
bicep_curl,120.86,117.2,141.62,164.14,0.2178,0.5268,0.5095
bicep_curl,125.57,117.7,141.55,166.74,0.2176,0.5388,0.5108
bicep_curl,122.5,116.94,141.07,166.64,0.2172,0.5365,0.5131
bicep_curl,119.8,116.33,140.71,166.84,0.217,0.5412,0.5142
bicep_curl,119.74,116.95,140.68,168.56,0.2171,0.5359,0.5153
bicep_curl,115.33,116.43,139.81,167.41,0.217,0.5406,0.5194
bicep_curl,115.17,116.14,139.02,167.09,0.2169,0.5429,0.5201
bicep_curl,108.25,115.22,135.46,160.99,0.2176,0.526,0.5194
bicep_curl,105.64,116.78,134.83,157.1,0.2197,0.5056,0.5122
bicep_curl,97.73,118.35,134.59,152.76,0.2243,0.5014,0.5104
bicep_curl,98.37,124.4,135.76,152.91,0.2247,0.4759,0.5059
bicep_curl,100.78,125.85,138.35,154.08,0.2288,0.4741,0.5039
bicep_curl,127.49,121.17,140.9,153.3,0.2167,0.7118,0.4529
bicep_curl,128.84,123.51,141.82,155.36,0.2156,0.7513,0.4417
bicep_curl,124.65,124.98,142.1,156.07,0.2144,0.7183,0.4381
bicep_curl,121.08,126.85,142.92,156.24,0.2138,0.7082,0.4344
bicep_curl,113.0,129.52,142.6,158.15,0.2138,0.6526,0.4278
bicep_curl,116.95,125.97,142.2,156.93,0.2143,0.6631,0.4353
bicep_curl,118.74,125.2,142.46,156.56,0.2158,0.6748,0.4401
bicep_curl,119.13,124.94,142.3,154.73,0.2205,0.6718,0.4451
bicep_curl,117.65,120.28,142.88,156.3,0.2211,0.666,0.4662
bicep_curl,117.52,124.91,144.35,157.55,0.2194,0.6751,0.4789
bicep_curl,115.73,123.46,144.65,158.27,0.2198,0.6732,0.4818
bicep_curl,114.75,125.82,145.23,160.97,0.2194,0.6642,0.477
bicep_curl,113.56,129.87,146.1,162.77,0.2189,0.6734,0.4968
bicep_curl,115.34,130.7,145.52,162.14,0.2183,0.6923,0.4896
bicep_curl,118.17,126.96,144.81,158.28,0.2169,0.6995,0.4847
bicep_curl,129.78,121.36,142.29,153.79,0.2181,0.7696,0.4933
bicep_curl,121.3,124.23,139.66,152.35,0.2225,0.6038,0.5125
bicep_curl,117.99,125.37,137.48,152.92,0.2202,0.5432,0.5178
bicep_curl,132.43,126.37,139.44,157.45,0.2149,0.5404,0.4955
bicep_curl,127.82,108.33,127.89,155.54,0.2169,0.5206,0.5314
bicep_curl,106.73,100.64,125.62,154.69,0.2229,0.5655,0.5455
bicep_curl,122.39,103.44,130.11,153.88,0.2281,0.5396,0.5328
bicep_curl,118.11,110.28,132.83,155.64,0.2297,0.5173,0.4996
bicep_curl,116.25,112.87,132.85,155.6,0.2304,0.517,0.4912
bicep_curl,120.35,114.89,131.93,154.15,0.2278,0.519,0.488
bicep_curl,124.61,115.34,133.0,154.7,0.2232,0.5117,0.4821
bicep_curl,126.4,115.34,132.41,157.41,0.2225,0.5061,0.4799
bicep_curl,128.83,114.78,132.06,157.82,0.221,0.4988,0.4783
bicep_curl,128.92,116.08,131.4,158.92,0.2199,0.4816,0.4687
bicep_curl,129.25,119.18,143.87,154.91,0.233,0.7237,0.5185
bicep_curl,142.1,124.62,145.88,152.95,0.2279,0.8106,0.5175
bicep_curl,137.52,123.58,142.62,150.48,0.2263,0.7494,0.5015
bicep_curl,135.44,125.93,139.72,151.44,0.2258,0.7588,0.4775
bicep_curl,104.73,126.54,139.61,147.84,0.2206,0.7341,0.4255
bicep_curl,99.74,120.43,138.61,145.09,0.2184,0.7131,0.445
bicep_curl,96.67,118.49,138.39,146.26,0.222,0.6932,0.4563
bicep_curl,93.22,117.73,138.28,146.83,0.2237,0.6733,0.4602
bicep_curl,85.98,117.96,138.77,147.42,0.2253,0.6305,0.4604
bicep_curl,82.59,117.77,138.87,147.5,0.225,0.6124,0.4619
bicep_curl,92.48,115.64,139.7,145.74,0.2225,0.6553,0.4668
bicep_curl,95.77,114.59,141.21,146.95,0.2267,0.6763,0.4916
bicep_curl,96.13,115.31,140.95,148.27,0.2254,0.6794,0.498
bicep_curl,95.18,115.01,140.8,148.86,0.2255,0.6737,0.4958
bicep_curl,93.82,113.41,138.96,151.81,0.2302,0.6672,0.4829
bicep_curl,95.52,114.7,139.47,149.23,0.2243,0.6821,0.4739
bicep_curl,100.07,116.26,137.03,148.57,0.2152,0.7235,0.4552
bicep_curl,92.99,117.78,137.06,147.51,0.2137,0.6768,0.4477
bicep_curl,101.17,119.74,137.25,148.39,0.2055,0.7338,0.4451
bicep_curl,111.52,128.83,138.61,153.0,0.192,0.7583,0.4315
bicep_curl,114.44,128.54,136.0,151.44,0.1999,0.6574,0.4366
bicep_curl,141.56,131.84,139.88,154.68,0.2114,0.7365,0.4423
bicep_curl,144.78,125.41,141.37,156.48,0.2223,0.7058,0.4963
bicep_curl,147.96,126.14,141.17,158.11,0.2228,0.6854,0.487
bicep_curl,131.74,112.59,130.29,158.33,0.2146,0.4732,0.4767
bicep_curl,124.72,110.97,128.45,156.79,0.2138,0.4811,0.4789
bicep_curl,122.76,110.13,128.9,158.32,0.2097,0.4751,0.4734
bicep_curl,122.08,108.88,127.61,158.08,0.2131,0.4762,0.4744
bicep_curl,121.58,108.92,128.5,158.01,0.2111,0.475,0.4738
bicep_curl,122.78,110.64,128.89,157.2,0.2134,0.4776,0.4704
bicep_curl,121.89,110.71,128.94,157.43,0.2125,0.4754,0.4695
bicep_curl,124.97,111.89,133.07,154.95,0.2187,0.4888,0.4792
bicep_curl,127.46,118.41,137.15,155.54,0.2179,0.5693,0.4768
bicep_curl,134.34,117.77,137.3,155.98,0.2227,0.65,0.4845
bicep_curl,138.95,120.15,141.05,155.53,0.2237,0.6986,0.4732
bicep_curl,136.39,117.28,143.17,154.07,0.2119,0.7211,0.4743
bicep_curl,128.48,119.94,138.47,151.42,0.2056,0.7228,0.4559
bicep_curl,136.29,125.22,136.72,148.74,0.2092,0.7642,0.4471
bicep_curl,111.55,123.17,139.26,148.14,0.2066,0.7524,0.443
bicep_curl,108.25,123.33,136.85,149.55,0.2001,0.7977,0.4414
bicep_curl,109.32,121.33,134.57,151.45,0.1983,0.8123,0.4423
bicep_curl,111.78,120.02,133.5,151.68,0.1981,0.8337,0.4448
bicep_curl,110.31,120.18,132.98,151.82,0.1979,0.812,0.4458
bicep_curl,106.46,120.45,133.87,149.61,0.2015,0.7893,0.4449
bicep_curl,100.29,118.5,133.87,148.6,0.2029,0.7442,0.4482
bicep_curl,98.65,116.47,134.05,148.24,0.2034,0.732,0.4532
bicep_curl,100.36,114.65,134.9,146.55,0.2009,0.7458,0.4658
bicep_curl,102.05,116.4,136.72,146.97,0.1996,0.7609,0.4659
bicep_curl,104.54,115.74,138.02,145.35,0.1972,0.7898,0.4683
bicep_curl,104.4,115.38,138.17,143.55,0.1965,0.7883,0.4714
bicep_curl,104.63,115.08,138.32,145.96,0.1968,0.7813,0.4745
bicep_curl,107.05,113.7,139.59,146.14,0.1972,0.8184,0.4747
bicep_curl,109.88,112.37,139.22,146.03,0.1975,0.8574,0.4792
bicep_curl,110.18,111.27,135.46,146.77,0.2003,0.872,0.4842
bicep_curl,112.54,113.17,133.17,150.8,0.2033,0.8724,0.4802
bicep_curl,111.77,114.99,134.65,150.31,0.2073,0.8433,0.4741
bicep_curl,115.65,115.01,134.99,151.1,0.2128,0.834,0.4676
bicep_curl,113.25,120.33,138.67,151.72,0.2172,0.8185,0.4492
bicep_curl,110.89,118.05,142.78,153.54,0.2182,0.8161,0.4511
bicep_curl,100.95,117.48,143.95,162.8,0.211,0.6182,0.743
bicep_curl,110.42,119.81,146.03,162.94,0.2105,0.5869,0.7793
bicep_curl,108.82,113.54,146.03,166.27,0.2106,0.5242,0.7163
bicep_curl,111.43,116.1,142.74,162.43,0.2127,0.4817,0.7198
bicep_curl,121.68,116.77,141.24,159.42,0.2126,0.4562,0.7182
bicep_curl,120.09,120.44,140.82,156.56,0.2132,0.4653,0.6977
bicep_curl,110.11,115.67,138.18,153.26,0.2166,0.4777,0.6688
bicep_curl,104.27,116.13,140.97,147.05,0.2179,0.4863,0.6764
bicep_curl,104.58,117.33,142.15,147.48,0.2171,0.4831,0.6817
bicep_curl,107.68,117.66,143.55,148.1,0.2136,0.4834,0.6732
bicep_curl,103.36,122.33,142.96,150.33,0.2111,0.5012,0.8248
bicep_curl,110.56,128.81,141.81,152.52,0.22,0.5106,0.8984
bicep_curl,118.28,120.68,141.51,151.64,0.2148,0.5012,0.8768
bicep_curl,126.45,117.75,139.44,149.38,0.2177,0.481,0.8705
bicep_curl,127.73,115.29,136.48,148.34,0.2203,0.4728,0.896
bicep_curl,135.34,113.05,136.46,148.48,0.2212,0.4464,0.8999
bicep_curl,136.22,114.24,135.3,148.24,0.2315,0.4301,0.9392
bicep_curl,135.23,114.62,134.81,148.89,0.2324,0.4263,0.9204
bicep_curl,134.05,115.47,134.4,149.64,0.2313,0.429,0.9087
bicep_curl,136.7,115.36,134.04,150.55,0.2338,0.4212,0.9019
bicep_curl,138.8,113.34,134.2,151.06,0.2326,0.4214,0.8759
bicep_curl,137.39,112.39,134.53,151.83,0.2313,0.4255,0.8649
bicep_curl,137.14,111.59,134.55,152.32,0.2292,0.4271,0.8534
bicep_curl,137.19,111.42,134.52,152.51,0.2278,0.4284,0.852
bicep_curl,138.17,111.49,134.3,152.59,0.2274,0.4268,0.857
bicep_curl,139.1,112.03,134.42,152.72,0.2247,0.4284,0.8673
bicep_curl,138.05,113.39,134.89,153.08,0.2224,0.4304,0.8845
bicep_curl,137.25,117.09,135.3,153.2,0.2244,0.4347,0.932
bicep_curl,136.05,118.05,135.13,152.5,0.2137,0.4396,0.9379
bicep_curl,134.72,119.23,134.85,151.75,0.203,0.4477,0.9332
bicep_curl,134.08,125.03,133.56,152.7,0.198,0.4506,0.9074
bicep_curl,128.52,125.94,139.96,153.2,0.2003,0.4474,0.7955
bicep_curl,128.49,127.82,141.76,155.43,0.202,0.4583,0.7807
bicep_curl,126.06,116.39,142.43,154.13,0.2037,0.4547,0.6225
bicep_curl,126.17,120.44,141.58,154.37,0.2022,0.4566,0.5927
bicep_curl,121.73,110.49,140.27,152.39,0.2017,0.4638,0.5391
bicep_curl,111.64,103.92,140.3,149.69,0.2001,0.4761,0.5476
bicep_curl,110.96,103.58,140.67,149.8,0.1994,0.4798,0.5623
bicep_curl,117.03,106.15,137.04,153.59,0.2014,0.4672,0.6017
bicep_curl,119.78,108.16,137.35,153.67,0.2002,0.4597,0.638
bicep_curl,128.79,97.92,132.69,154.19,0.2478,0.4804,0.5919
bicep_curl,125.22,98.67,132.69,161.09,0.249,0.4973,0.5867
bicep_curl,131.97,98.09,130.7,159.7,0.2594,0.496,0.5724
bicep_curl,129.85,128.43,131.34,154.81,0.2201,0.4558,0.819
bicep_curl,143.77,124.26,131.1,151.62,0.2254,0.4267,0.7871
bicep_curl,145.54,127.63,135.74,149.42,0.2152,0.4255,0.8232
bicep_curl,154.22,122.3,136.64,154.44,0.2196,0.4241,0.7814
bicep_curl,151.5,126.08,136.49,151.88,0.2048,0.4321,0.789
bicep_curl,156.34,130.33,136.88,151.37,0.201,0.4379,0.8216
bicep_curl,156.67,126.94,138.4,152.11,0.2018,0.4405,0.7711
bicep_curl,155.36,128.35,140.09,151.71,0.2023,0.4357,0.7981
bicep_curl,156.05,130.68,141.44,153.62,0.2016,0.4311,0.7955
bicep_curl,149.46,133.87,139.88,149.93,0.2097,0.4328,0.8354
bicep_curl,146.46,133.64,138.75,150.02,0.2064,0.4366,0.8173
bicep_curl,145.39,135.26,137.46,150.79,0.2028,0.4368,0.8368
bicep_curl,151.46,133.04,138.14,152.31,0.2003,0.4291,0.8103
bicep_curl,150.81,135.57,138.71,152.13,0.2001,0.426,0.7852
bicep_curl,138.46,139.03,138.1,151.81,0.2025,0.4391,0.8138
bicep_curl,138.45,142.28,137.86,151.94,0.205,0.4558,0.8339
bicep_curl,134.09,143.94,140.72,152.26,0.2025,0.4555,0.8499
bicep_curl,137.73,143.8,142.74,153.29,0.2004,0.4483,0.7958
bicep_curl,137.98,144.94,145.3,153.3,0.1991,0.4463,0.7566
bicep_curl,124.17,112.29,144.91,155.73,0.2023,0.4996,0.3758
bicep_curl,125.41,117.01,147.06,156.63,0.201,0.4854,0.4031
bicep_curl,122.83,129.06,148.36,158.63,0.201,0.4822,0.4468
bicep_curl,121.02,134.56,148.73,157.75,0.2009,0.485,0.4888
bicep_curl,114.35,108.3,145.61,153.65,0.2041,0.5124,0.3441
bicep_curl,117.24,115.61,145.28,154.42,0.2028,0.5105,0.4251
bicep_curl,118.88,111.93,145.71,155.64,0.2034,0.5068,0.3788
bicep_curl,118.39,106.52,146.6,156.26,0.205,0.5081,0.3504
bicep_curl,118.51,104.98,145.52,156.26,0.2067,0.5108,0.3554
bicep_curl,119.19,105.3,146.35,157.21,0.2057,0.5146,0.3853
bicep_curl,120.45,111.88,147.46,156.46,0.204,0.5049,0.3569
bicep_curl,120.64,108.05,147.24,155.76,0.2022,0.5041,0.3814
bicep_curl,128.12,149.84,146.98,156.4,0.2017,0.4766,0.6498
bicep_curl,136.2,151.33,148.62,156.78,0.2019,0.4534,0.6817
bicep_curl,135.11,147.75,140.26,149.96,0.2038,0.4513,0.8658
bicep_curl,143.85,139.87,140.44,149.51,0.2044,0.4221,0.8021
bicep_curl,142.39,138.33,139.06,150.89,0.2078,0.4272,0.8168
bicep_curl,143.39,137.68,138.17,151.44,0.2089,0.4271,0.8286
bicep_curl,155.8,132.26,139.62,151.83,0.2119,0.4126,0.7571
bicep_curl,156.44,130.46,139.49,152.16,0.212,0.4159,0.7383
bicep_curl,155.96,131.1,138.48,153.66,0.2109,0.4163,0.7484
bicep_curl,152.63,132.22,137.76,152.5,0.2044,0.4166,0.7826
bicep_curl,152.6,131.33,138.22,152.22,0.2029,0.4159,0.7702
bicep_curl,153.91,132.19,138.46,151.87,0.2026,0.4134,0.7674
bicep_curl,155.34,132.5,138.6,151.97,0.2018,0.4094,0.7553
bicep_curl,151.63,135.12,138.69,153.0,0.2021,0.4119,0.7871
bicep_curl,155.6,135.83,137.07,152.04,0.2109,0.4079,0.7873
bicep_curl,154.8,136.22,137.48,151.5,0.2132,0.4091,0.7793
bicep_curl,141.69,140.2,138.82,152.39,0.2115,0.4267,0.8112
bicep_curl,140.49,142.27,141.74,152.53,0.2098,0.4297,0.7846
bicep_curl,136.11,135.76,147.53,153.99,0.2088,0.4454,0.5601
bicep_curl,135.76,133.85,149.87,153.89,0.2081,0.4482,0.4763
bicep_curl,135.95,142.89,148.44,155.38,0.2074,0.4531,0.5565
bicep_curl,123.39,120.37,146.99,155.48,0.2118,0.4981,0.3289
bicep_curl,120.73,125.52,146.58,154.48,0.2126,0.504,0.3416
bicep_curl,121.38,119.98,145.69,154.79,0.2188,0.517,0.3597
bicep_curl,121.04,114.59,147.49,156.4,0.2122,0.5166,0.3547
bicep_curl,124.26,111.55,148.08,157.55,0.2128,0.493,0.3574
bicep_curl,123.33,108.33,147.56,157.31,0.219,0.4975,0.3771
bicep_curl,121.74,108.2,146.15,157.0,0.215,0.4931,0.3706
bicep_curl,119.87,105.79,145.54,157.39,0.2151,0.4954,0.3831
bicep_curl,121.47,103.33,142.46,158.07,0.2164,0.5057,0.3948
bicep_curl,130.19,115.0,143.66,160.98,0.2197,0.4956,0.3909
bicep_curl,130.1,112.14,143.92,159.53,0.2153,0.5078,0.4302
bicep_curl,127.32,139.2,145.31,155.6,0.2079,0.4773,0.6611
bicep_curl,122.19,135.48,146.01,157.76,0.205,0.4784,0.7018
bicep_curl,121.2,137.32,144.73,155.88,0.2027,0.4725,0.789
bicep_curl,115.62,131.57,141.69,162.29,0.1991,0.4305,0.7704
bicep_curl,110.49,129.65,142.52,164.81,0.1969,0.4401,0.7491
bicep_curl,106.65,132.54,140.43,166.5,0.1966,0.437,0.7934
bicep_curl,104.58,131.6,142.44,167.84,0.1982,0.4427,0.7947
bicep_curl,102.24,131.37,143.68,168.16,0.198,0.4405,0.7883
bicep_curl,98.34,131.6,138.94,165.51,0.1915,0.4269,0.8234
bicep_curl,96.45,137.5,132.54,157.24,0.1883,0.3977,0.8988
bicep_curl,101.01,137.3,137.05,152.74,0.1906,0.3844,0.8501
bicep_curl,121.24,138.36,140.57,156.64,0.1961,0.447,0.8528
bicep_curl,125.4,138.48,141.64,158.7,0.2017,0.4428,0.8264
bicep_curl,120.33,137.45,141.77,160.68,0.1953,0.419,0.7563
bicep_curl,120.21,135.38,141.3,161.66,0.1944,0.4638,0.6644
bicep_curl,118.37,123.91,136.91,162.39,0.1877,0.4731,0.5248
bicep_curl,110.51,101.53,136.8,163.14,0.186,0.4474,0.4252
bicep_curl,110.24,95.38,137.05,164.55,0.1855,0.4507,0.3935
bicep_curl,118.58,98.42,137.96,165.92,0.1851,0.4542,0.3793
bicep_curl,121.08,96.57,138.67,166.43,0.1856,0.444,0.3812
bicep_curl,114.87,96.27,137.75,166.74,0.1849,0.3756,0.3833
bicep_curl,106.85,98.13,136.03,166.86,0.1845,0.3966,0.3902
bicep_curl,103.47,103.38,135.21,166.31,0.1836,0.3972,0.3887
bicep_curl,100.61,93.83,132.66,167.87,0.1781,0.4066,0.4116
bicep_curl,101.55,102.61,131.32,166.32,0.1731,0.4079,0.3949
bicep_curl,92.0,103.75,131.08,163.19,0.1713,0.4011,0.3743
bicep_curl,89.88,107.67,135.11,162.06,0.1667,0.3444,0.3511
bicep_curl,85.08,102.63,139.88,160.99,0.1659,0.3383,0.3344
bicep_curl,80.73,95.82,136.37,163.18,0.1649,0.3449,0.3299
bicep_curl,98.44,104.78,135.04,164.38,0.1636,0.2981,0.3126
bicep_curl,89.41,99.25,134.74,162.04,0.1623,0.3273,0.3425
bicep_curl,110.26,118.89,139.51,166.92,0.1618,0.3518,0.4008
bicep_curl,113.92,131.13,140.7,162.85,0.1609,0.3714,0.5305
bicep_curl,125.43,129.64,140.69,161.89,0.1598,0.4223,0.5274
bicep_curl,132.61,131.73,140.73,163.84,0.1585,0.4512,0.557
bicep_curl,139.32,132.01,138.01,158.05,0.1595,0.5137,0.5779
bicep_curl,127.9,139.26,140.06,150.21,0.1594,0.4342,0.6669
bicep_curl,127.22,138.51,140.0,151.13,0.1595,0.4225,0.6656
bicep_curl,138.78,130.8,135.07,158.48,0.1574,0.464,0.5903
bicep_curl,127.8,129.24,132.13,155.49,0.1556,0.3209,0.5834
bicep_curl,124.62,128.82,132.4,155.3,0.1544,0.3524,0.583
bicep_curl,131.05,128.8,133.34,156.08,0.155,0.3816,0.5757
bicep_curl,131.99,128.32,136.28,158.16,0.1561,0.3502,0.5764
bicep_curl,125.38,128.25,137.33,154.05,0.1529,0.4406,0.5528
bicep_curl,122.93,127.93,141.42,155.82,0.1522,0.4439,0.5476
bicep_curl,119.01,126.82,142.89,156.87,0.1515,0.4236,0.5352
bicep_curl,132.2,132.26,140.01,155.19,0.1515,0.4322,0.5892
bicep_curl,136.36,136.66,135.08,147.92,0.1525,0.5653,0.6476
bicep_curl,145.59,137.83,134.42,150.69,0.152,0.5173,0.6845
bicep_curl,153.91,138.67,131.2,150.3,0.1507,0.6434,0.7058
bicep_curl,156.71,136.96,134.6,151.61,0.151,0.5348,0.667
bicep_curl,135.66,141.4,143.36,153.59,0.1588,0.4629,0.6523
bicep_curl,133.74,138.16,145.13,153.8,0.1543,0.4636,0.59
bicep_curl,135.17,140.06,145.46,155.33,0.1558,0.4665,0.5858
bicep_curl,129.16,140.09,142.61,156.01,0.1584,0.4167,0.5478
bicep_curl,124.89,142.12,142.07,154.97,0.1585,0.3664,0.5176
bicep_curl,129.8,145.42,143.09,154.54,0.1599,0.378,0.4877
bicep_curl,113.59,116.3,141.74,156.94,0.1584,0.3432,0.3379
bicep_curl,112.98,113.12,140.33,156.79,0.16,0.3552,0.3343
bicep_curl,114.75,113.91,140.89,158.9,0.1617,0.3838,0.3259
bicep_curl,129.72,122.77,140.74,156.98,0.1625,0.4207,0.328
bicep_curl,131.58,117.75,145.14,155.01,0.1623,0.4243,0.3347
bicep_curl,121.97,111.52,145.33,153.1,0.1645,0.4103,0.3329
bicep_curl,127.44,108.24,145.65,154.65,0.1637,0.4143,0.3425
bicep_curl,105.15,113.91,144.94,155.1,0.1643,0.373,0.3448
bicep_curl,97.64,117.11,141.56,156.92,0.1609,0.3626,0.351
bicep_curl,104.53,112.44,139.85,158.73,0.1593,0.3572,0.3463
bicep_curl,102.59,113.64,140.15,157.58,0.1587,0.3457,0.3499
bicep_curl,122.19,137.99,143.37,161.71,0.1583,0.3355,0.4635
bicep_curl,124.82,142.53,145.75,160.63,0.1592,0.3288,0.5067
bicep_curl,123.46,145.06,143.92,154.11,0.1583,0.3479,0.5762
bicep_curl,129.33,149.29,143.42,153.83,0.1576,0.3872,0.6691
bicep_curl,141.03,139.19,143.84,151.34,0.155,0.4636,0.5579
bicep_curl,133.83,141.77,143.66,155.22,0.1558,0.4696,0.6876
bicep_curl,142.44,139.55,142.85,152.04,0.1553,0.5918,0.6692
bicep_curl,142.58,138.41,140.13,151.47,0.1551,0.6146,0.6539
bicep_curl,141.75,138.18,137.42,150.4,0.1554,0.629,0.6475
bicep_curl,147.0,140.32,133.55,152.7,0.1553,0.6533,0.684
bicep_curl,136.19,135.67,135.36,153.35,0.1536,0.5527,0.6156
bicep_curl,133.11,134.91,136.84,156.64,0.1531,0.5244,0.5996
bicep_curl,131.92,135.1,137.74,154.99,0.1533,0.5027,0.6026
bicep_curl,133.64,136.11,137.77,154.4,0.1539,0.443,0.6054
bicep_curl,135.55,136.49,138.83,153.56,0.156,0.3966,0.6068
bicep_curl,137.53,135.62,139.48,153.01,0.1561,0.4293,0.5941
bicep_curl,150.63,138.99,137.68,148.49,0.1543,0.5466,0.6518
bicep_curl,149.74,136.89,139.01,148.47,0.1542,0.5411,0.6186
bicep_curl,151.36,137.16,140.19,149.6,0.1542,0.5734,0.6183
bicep_curl,144.31,137.82,140.39,144.74,0.1545,0.633,0.6039
bicep_curl,131.39,142.04,143.65,150.1,0.1556,0.5103,0.6505
bicep_curl,131.98,139.84,143.65,151.58,0.1561,0.5129,0.603
bicep_curl,127.77,124.87,141.73,153.52,0.1555,0.4536,0.4173
bicep_curl,125.66,125.83,141.7,152.76,0.1555,0.4209,0.4028
bicep_curl,130.24,134.31,142.73,154.53,0.1557,0.4203,0.408
bicep_curl,133.05,123.79,142.54,154.58,0.1557,0.4031,0.3528
bicep_curl,125.9,113.9,141.74,153.0,0.1566,0.38,0.3405
bicep_curl,122.23,121.29,139.44,154.36,0.1585,0.3841,0.3636
bicep_curl,129.84,121.38,141.86,153.04,0.1657,0.4742,0.3659
bicep_curl,121.5,107.93,148.17,153.58,0.1649,0.4464,0.3383
bicep_curl,100.24,97.59,148.4,155.28,0.1685,0.3694,0.3515
bicep_curl,97.39,99.94,147.68,153.1,0.1674,0.3729,0.3492
bicep_curl,96.38,105.25,150.07,153.0,0.1632,0.3631,0.361
bicep_curl,114.43,109.04,149.7,154.53,0.1698,0.4507,0.3613
bicep_curl,116.26,106.25,143.94,154.57,0.1723,0.4073,0.3397
bicep_curl,116.15,111.49,139.07,158.06,0.1702,0.3731,0.3423
bicep_curl,105.74,114.41,138.95,156.57,0.1682,0.3474,0.346
bicep_curl,122.27,133.05,144.58,159.01,0.1575,0.3586,0.4441
bicep_curl,131.16,138.88,145.25,155.7,0.1576,0.3851,0.501
bicep_curl,130.42,135.58,146.38,153.18,0.1573,0.3927,0.4943
bicep_curl,138.36,135.67,146.71,152.3,0.1563,0.4614,0.5044
bicep_curl,141.09,138.94,146.56,152.96,0.1559,0.4969,0.5391
bicep_curl,136.67,133.01,146.75,153.06,0.1553,0.4793,0.5082
bicep_curl,137.76,131.7,144.41,153.22,0.1558,0.512,0.5346
bicep_curl,150.23,137.97,141.06,156.37,0.1554,0.5607,0.6329
bicep_curl,151.84,137.93,136.73,155.33,0.1558,0.5824,0.6429
bicep_curl,137.73,131.7,135.93,153.45,0.1553,0.5495,0.5596
bicep_curl,141.65,133.84,137.34,160.0,0.1556,0.4036,0.5824
bicep_curl,128.35,133.04,134.54,160.61,0.1577,0.426,0.5687
bicep_curl,125.79,128.91,137.0,153.94,0.1614,0.4536,0.5287
bicep_curl,121.09,124.08,135.69,155.49,0.1656,0.4228,0.489
bicep_curl,118.91,128.65,134.45,160.18,0.1635,0.3949,0.521
bicep_curl,125.45,135.58,134.79,158.69,0.1616,0.4357,0.5935
bicep_curl,123.8,128.13,135.62,156.86,0.1669,0.4306,0.5087
bicep_curl,129.54,134.49,134.92,154.15,0.1663,0.4766,0.5758
bicep_curl,142.0,136.85,135.16,153.64,0.1569,0.4487,0.6156
bicep_curl,103.31,134.96,135.77,152.18,0.1541,0.2436,0.6032
bicep_curl,115.19,134.71,137.78,151.54,0.1528,0.2801,0.6036
bicep_curl,112.37,139.39,139.88,150.81,0.1526,0.4497,0.6515
bicep_curl,150.63,138.94,141.24,147.39,0.1526,0.621,0.6293
bicep_curl,137.9,134.23,141.69,148.91,0.155,0.5435,0.563
bicep_curl,117.13,129.6,142.41,153.2,0.1542,0.3624,0.4476
bicep_curl,111.41,143.49,144.61,152.45,0.1554,0.3263,0.4846
bicep_curl,110.72,143.68,142.25,152.39,0.1554,0.3301,0.4716
bicep_curl,113.96,118.24,140.48,151.64,0.156,0.3393,0.3579
bicep_curl,102.64,117.63,140.18,150.34,0.1546,0.3335,0.3578
bicep_curl,93.46,116.53,138.84,148.68,0.1551,0.3369,0.3616
bicep_curl,94.08,103.88,138.2,152.89,0.1587,0.4224,0.3424
bicep_curl,106.06,104.73,139.87,155.42,0.1623,0.403,0.3437
bicep_curl,104.05,106.96,141.84,155.5,0.162,0.3771,0.3413
bicep_curl,100.68,108.53,141.91,155.67,0.1643,0.3928,0.3424
bicep_curl,102.89,112.78,138.92,157.9,0.1603,0.3508,0.3562
bicep_curl,95.97,104.54,137.39,155.72,0.1567,0.3446,0.3597
bicep_curl,90.36,103.5,135.05,153.51,0.1563,0.3454,0.3731
bicep_curl,90.8,105.95,135.57,153.82,0.1561,0.3393,0.3664
bicep_curl,117.74,132.86,141.84,153.39,0.1549,0.3409,0.4574
bicep_curl,119.22,140.83,142.02,152.58,0.1528,0.3392,0.513
bicep_curl,114.66,135.41,141.95,151.36,0.1509,0.3425,0.4791
bicep_curl,122.41,128.38,141.57,149.75,0.1504,0.4065,0.4359
bicep_curl,131.48,123.52,141.55,148.99,0.1503,0.466,0.4334
bicep_curl,135.26,136.86,142.8,152.93,0.1505,0.5161,0.573
bicep_curl,146.29,138.58,133.08,147.72,0.1517,0.657,0.632
bicep_curl,144.76,138.84,134.94,148.01,0.1512,0.5968,0.6508
bicep_curl,132.93,132.78,137.18,151.42,0.1551,0.525,0.5746
bicep_curl,116.94,127.57,140.06,156.96,0.155,0.4585,0.5291
bicep_curl,115.06,124.61,140.02,158.57,0.1558,0.4339,0.4964
bicep_curl,124.37,130.02,137.96,157.06,0.1536,0.4695,0.5462
bicep_curl,129.97,133.86,134.95,155.51,0.1531,0.4992,0.5906
bicep_curl,126.9,132.98,136.11,157.08,0.1535,0.4712,0.5832
bicep_curl,109.12,124.04,139.5,161.37,0.1556,0.3957,0.5089
bicep_curl,112.86,120.39,139.98,158.87,0.1593,0.423,0.5019
bicep_curl,120.11,121.15,139.77,155.93,0.1555,0.466,0.5216
bicep_curl,117.61,125.32,144.93,157.74,0.1533,0.4609,0.5859
bicep_curl,109.72,129.96,143.3,158.5,0.1523,0.4263,0.6394
bicep_curl,101.96,130.95,143.14,157.99,0.1547,0.3982,0.6279
bicep_curl,107.46,124.95,146.0,157.21,0.1582,0.4294,0.5515
bicep_curl,118.24,103.54,141.37,153.57,0.1632,0.5239,0.429
bicep_curl,106.82,94.8,148.59,160.27,0.1634,0.4366,0.4039
bicep_curl,86.93,86.47,144.25,158.02,0.1628,0.3878,0.378
bicep_curl,93.24,87.82,140.82,154.91,0.1643,0.4299,0.4032
bicep_curl,101.97,106.89,121.02,158.32,0.1675,0.4508,0.4382
bicep_curl,113.75,104.08,123.01,155.47,0.1766,0.4006,0.4231
bicep_curl,120.65,104.62,124.6,154.31,0.1752,0.3989,0.4136
bicep_curl,124.45,105.97,131.87,143.35,0.166,0.3934,0.4188
bicep_curl,122.28,105.52,129.8,144.83,0.166,0.381,0.41
bicep_curl,116.37,107.36,135.02,144.7,0.1608,0.376,0.4031
bicep_curl,112.39,113.02,139.5,144.1,0.1542,0.3847,0.3905
bicep_curl,110.97,115.84,136.87,143.32,0.1538,0.3895,0.3961
bicep_curl,114.87,107.6,116.51,144.45,0.1706,0.3846,0.397
bicep_curl,115.29,100.43,121.32,142.36,0.1689,0.3963,0.4163
bicep_curl,118.12,118.44,139.9,148.66,0.175,0.4377,0.5091
bicep_curl,113.34,114.72,140.05,149.47,0.1767,0.5076,0.557
bicep_curl,121.05,124.03,146.55,154.08,0.1687,0.5809,0.671
bicep_curl,117.53,119.34,142.23,160.47,0.1756,0.5921,0.6553
bicep_curl,116.77,117.09,141.17,161.84,0.1718,0.6146,0.6788
bicep_curl,116.56,114.68,149.37,167.18,0.1569,0.6591,0.6625
bicep_curl,101.16,112.25,148.56,167.95,0.15,0.5528,0.6391
bicep_curl,94.03,111.45,144.74,167.77,0.1483,0.5197,0.6269
bicep_curl,95.28,111.19,144.09,166.77,0.1458,0.5193,0.6187
bicep_curl,95.63,110.61,143.98,164.02,0.1397,0.5134,0.6111
bicep_curl,90.89,109.68,144.85,161.3,0.1419,0.49,0.6016
bicep_curl,93.4,109.12,143.9,160.99,0.1416,0.4964,0.5899
bicep_curl,95.09,108.01,142.31,161.15,0.1398,0.5053,0.5842
bicep_curl,95.84,107.77,142.07,160.58,0.1387,0.5144,0.5842
bicep_curl,98.28,107.79,142.12,160.05,0.14,0.5328,0.5856
bicep_curl,98.91,107.46,141.32,160.12,0.1391,0.5402,0.5857
bicep_curl,101.32,110.25,140.75,160.03,0.1383,0.558,0.6052
bicep_curl,103.82,110.64,140.58,160.7,0.1389,0.5852,0.6079
bicep_curl,104.81,109.89,139.78,161.36,0.1372,0.5833,0.6054
bicep_curl,105.35,108.81,138.85,161.5,0.1383,0.5938,0.6086
bicep_curl,101.82,108.32,139.16,162.23,0.1397,0.5685,0.611
bicep_curl,107.98,109.52,139.24,163.11,0.1457,0.6036,0.6225
bicep_curl,108.95,113.52,138.96,163.16,0.1519,0.6132,0.6626
bicep_curl,119.09,128.45,139.69,152.9,0.159,0.5384,0.7201
bicep_curl,121.0,131.93,144.11,154.63,0.1561,0.541,0.7276
bicep_curl,121.03,131.24,140.27,153.18,0.1611,0.5344,0.6857
bicep_curl,121.61,126.87,145.59,155.97,0.1611,0.4356,0.6259
bicep_curl,119.61,112.39,132.92,134.57,0.1645,0.4044,0.4059
bicep_curl,118.85,110.64,130.61,128.39,0.1621,0.4095,0.4098
bicep_curl,117.0,111.48,132.05,124.66,0.1633,0.4101,0.4097
bicep_curl,117.21,111.17,125.15,105.83,0.1628,0.4123,0.4068
bicep_curl,115.46,110.91,125.31,108.03,0.163,0.4099,0.3999
bicep_curl,116.53,112.13,120.2,99.75,0.1639,0.4176,0.4052
bicep_curl,111.66,111.49,122.38,106.82,0.1644,0.4202,0.4167
bicep_curl,112.91,117.56,109.09,100.84,0.1633,0.4247,0.4467
bicep_curl,125.13,135.32,122.65,108.28,0.1677,0.4287,0.5925
bicep_curl,130.47,141.0,127.65,141.66,0.1731,0.5461,0.6941
bicep_curl,144.32,139.2,147.33,158.46,0.1618,0.7242,0.8068
bicep_curl,135.45,135.86,150.35,154.18,0.1675,0.6973,0.7826
bicep_curl,119.17,117.39,137.8,159.39,0.1705,0.683,0.7476
bicep_curl,116.45,112.16,140.74,160.93,0.1699,0.681,0.7211
bicep_curl,113.72,107.81,138.91,161.27,0.1651,0.6601,0.6874
bicep_curl,106.56,104.5,137.69,159.31,0.1633,0.6314,0.6752
bicep_curl,105.12,103.94,138.38,159.11,0.1639,0.634,0.6804
bicep_curl,101.84,103.25,139.05,159.81,0.1645,0.6263,0.677
bicep_curl,102.4,101.73,138.3,160.13,0.163,0.6324,0.6762
bicep_curl,102.57,99.84,138.17,161.76,0.1622,0.6254,0.6705
bicep_curl,104.19,100.37,137.98,162.14,0.1645,0.6388,0.684
bicep_curl,103.68,101.61,138.23,163.11,0.1681,0.6445,0.7023
bicep_curl,97.64,97.72,139.56,160.25,0.1832,0.6369,0.6847
bicep_curl,93.45,94.73,140.55,163.0,0.1904,0.62,0.6626
bicep_curl,90.05,96.34,140.81,166.39,0.1954,0.5944,0.6638
bicep_curl,90.21,98.3,141.7,167.18,0.1998,0.5897,0.6565
bicep_curl,84.7,98.79,142.48,166.52,0.2025,0.5694,0.6486
bicep_curl,83.71,103.82,143.46,169.22,0.2098,0.561,0.6834
bicep_curl,85.47,105.94,145.5,170.32,0.2163,0.5665,0.7081
bicep_curl,87.41,105.09,145.97,169.07,0.2203,0.5674,0.7069
bicep_curl,93.46,106.6,142.2,164.97,0.2224,0.6091,0.7282
bicep_curl,93.46,105.34,142.63,168.16,0.2249,0.6112,0.7149
bicep_curl,94.44,108.99,142.74,168.47,0.2261,0.6101,0.7537
bicep_curl,99.43,111.46,141.49,165.94,0.2296,0.6538,0.7889
bicep_curl,99.03,111.5,141.81,165.69,0.2299,0.653,0.7973
bicep_curl,97.93,109.64,143.26,168.46,0.2304,0.6462,0.7883
bicep_curl,99.41,108.81,142.67,168.08,0.232,0.6749,0.7961
bicep_curl,99.79,108.4,143.95,168.05,0.2353,0.6884,0.8089
bicep_curl,96.41,107.02,143.64,166.7,0.2396,0.6874,0.8165
bicep_curl,93.54,105.77,145.17,169.17,0.2443,0.6999,0.8216
bicep_curl,90.83,101.87,144.99,168.72,0.2354,0.7445,0.8445
bicep_curl,87.43,104.48,143.01,166.6,0.2324,0.7765,0.8695
bicep_curl,85.48,104.15,142.46,164.92,0.2382,0.7735,0.8638
bicep_curl,85.46,101.21,141.89,163.25,0.2452,0.808,0.8582
bicep_curl,82.12,99.96,142.05,163.25,0.2499,0.7992,0.8565
bicep_curl,80.36,100.17,142.95,162.53,0.2507,0.7944,0.871
bicep_curl,80.04,99.66,141.28,160.77,0.2537,0.8025,0.8788
bicep_curl,79.15,99.39,141.68,161.35,0.2512,0.8143,0.8888
bicep_curl,79.06,98.73,140.57,161.01,0.2504,0.8037,0.8903
bicep_curl,78.36,99.73,140.15,159.92,0.2473,0.8038,0.9152
bicep_curl,79.64,101.17,141.27,159.79,0.2506,0.8154,0.9348
bicep_curl,79.16,99.29,141.03,158.3,0.2537,0.8196,0.9266
bicep_curl,78.07,97.66,140.55,156.45,0.2562,0.8217,0.9268
bicep_curl,77.34,99.19,140.45,154.69,0.2605,0.86,0.9918
bicep_curl,79.47,100.66,142.52,159.08,0.2642,0.894,1.0189
bicep_curl,77.72,99.95,145.25,161.03,0.2697,0.8913,1.0206
bicep_curl,80.67,99.06,146.24,164.52,0.2748,0.911,1.0098
bicep_curl,82.54,99.55,146.14,163.91,0.2789,0.9074,1.0306
bicep_curl,85.19,102.36,145.62,167.81,0.2818,0.9236,1.0448
bicep_curl,85.91,106.88,142.14,163.09,0.2905,0.8947,1.0816
bicep_curl,102.33,111.45,138.45,159.43,0.2913,0.9911,1.1036
bicep_curl,104.77,114.32,136.67,159.75,0.2952,0.9966,1.1281
bicep_curl,101.19,114.22,134.91,157.54,0.3042,0.9358,1.1148
bicep_curl,94.4,111.53,129.84,156.47,0.2934,0.8683,1.0582
bicep_curl,86.86,110.62,134.09,155.12,0.2923,0.7733,1.0282
bicep_curl,89.78,111.88,137.79,155.29,0.2913,0.7731,1.0352
bicep_curl,84.32,108.03,141.99,157.3,0.2801,0.6817,0.8622
bicep_curl,86.01,110.84,141.53,157.84,0.2795,0.6894,0.8858
bicep_curl,81.6,96.98,145.69,159.55,0.2734,0.6837,0.7248
bicep_curl,80.34,94.54,143.45,157.97,0.2722,0.6802,0.7476
bicep_curl,81.64,96.5,146.69,158.46,0.2748,0.6883,0.7154
bicep_curl,84.84,97.09,144.11,159.45,0.2748,0.6872,0.6955
bicep_curl,95.38,97.38,143.63,159.67,0.2784,0.6928,0.7219
bicep_curl,91.87,100.35,143.66,160.82,0.2763,0.6988,0.7346
bicep_curl,95.97,100.23,140.85,161.21,0.2822,0.7677,0.729
bicep_curl,91.5,101.15,142.75,163.53,0.2845,0.7433,0.6629
bicep_curl,104.61,100.04,142.91,164.46,0.2784,0.86,0.6571
bicep_curl,99.17,101.39,140.06,160.89,0.2833,0.8363,0.6076
bicep_curl,110.42,105.27,140.98,161.93,0.3235,0.9196,0.5951
bicep_curl,108.64,108.93,140.05,160.34,0.3326,0.925,0.5989
bicep_curl,108.31,112.31,144.84,155.59,0.3241,0.9528,0.5906
bicep_curl,104.93,122.47,149.36,153.13,0.3132,0.8859,0.5714
bicep_curl,108.2,114.66,146.52,150.79,0.2898,0.8889,0.5759
bicep_curl,102.28,111.22,144.99,153.03,0.2967,0.8169,0.5765
bicep_curl,97.7,110.64,147.42,157.54,0.2981,0.7773,0.5754
bicep_curl,89.43,110.34,146.32,156.39,0.2904,0.723,0.5629
bicep_curl,87.25,113.0,145.96,158.1,0.2898,0.71,0.5561
bicep_curl,81.35,111.21,144.14,158.47,0.2902,0.6804,0.5715
bicep_curl,79.36,111.53,143.66,158.46,0.2856,0.669,0.5863
bicep_curl,70.1,117.22,142.85,159.37,0.2683,0.613,0.6041
bicep_curl,79.23,119.4,143.76,161.27,0.2683,0.6241,0.5979
bicep_curl,92.69,122.54,143.02,160.6,0.2646,0.6827,0.6134
bicep_curl,88.67,120.4,142.32,158.7,0.2692,0.659,0.6084
bicep_curl,97.94,119.22,142.39,157.91,0.2708,0.6842,0.6128
bicep_curl,101.81,120.33,143.28,156.77,0.274,0.6664,0.6195
bicep_curl,89.94,117.76,140.96,155.52,0.2744,0.5854,0.6247
bicep_curl,85.58,118.13,140.72,154.6,0.2748,0.5575,0.6173
bicep_curl,85.15,112.34,139.89,151.27,0.2719,0.609,0.6316
bicep_curl,99.26,119.98,135.97,157.94,0.2731,0.6394,0.6548
bicep_curl,109.78,110.52,133.96,156.05,0.2719,0.6154,0.6602
bicep_curl,106.34,107.17,129.52,155.58,0.2714,0.6524,0.6496
bicep_curl,111.4,97.8,135.18,152.39,0.2693,0.6354,0.6678
bicep_curl,114.76,103.16,137.48,153.63,0.2841,0.6033,0.6531
bicep_curl,123.21,105.03,137.95,154.44,0.2955,0.5755,0.6495
bicep_curl,123.14,106.93,137.96,155.23,0.3118,0.5841,0.6498
bicep_curl,112.08,102.14,137.77,154.21,0.2842,0.6294,0.7129
bicep_curl,111.35,105.14,137.58,154.38,0.2805,0.6327,0.7182
bicep_curl,95.2,107.04,136.44,149.87,0.2706,0.708,0.716
bicep_curl,88.2,109.41,137.66,149.08,0.2697,0.6776,0.6824
bicep_curl,78.27,114.76,141.45,152.51,0.274,0.6506,0.6079
bicep_curl,82.68,120.01,143.47,153.52,0.2739,0.6602,0.5704
bicep_curl,90.47,113.7,143.72,154.6,0.2708,0.6909,0.586
bicep_curl,93.51,111.91,142.39,154.87,0.2755,0.7613,0.5896
bicep_curl,85.58,113.59,142.49,155.6,0.2768,0.7168,0.5868
bicep_curl,80.22,114.95,143.23,156.87,0.2771,0.695,0.5861
bicep_curl,79.19,113.6,143.1,157.43,0.279,0.7235,0.6022
bicep_curl,87.16,115.52,143.47,157.54,0.2899,0.7501,0.5799
bicep_curl,88.55,116.2,143.49,159.28,0.2973,0.7618,0.5723
bicep_curl,91.65,115.51,143.36,159.1,0.3001,0.8019,0.5736
bicep_curl,91.55,114.05,141.4,160.7,0.3076,0.8157,0.5801
bicep_curl,91.37,115.31,141.15,161.98,0.3075,0.817,0.576
bicep_curl,88.57,115.13,140.99,161.63,0.3073,0.7955,0.5811
bicep_curl,88.68,117.1,141.9,160.51,0.3107,0.8025,0.5685
bicep_curl,78.96,118.96,142.06,159.76,0.3094,0.7467,0.563
bicep_curl,72.31,119.02,143.33,160.06,0.3068,0.721,0.5634
bicep_curl,40.6,120.06,143.71,157.3,0.3003,0.625,0.5659
bicep_curl,34.57,113.6,144.47,156.83,0.2963,0.6091,0.5779
bicep_curl,60.01,108.86,143.44,159.27,0.2919,0.6582,0.6011
bicep_curl,81.31,112.34,143.74,160.88,0.2896,0.7528,0.6031
bicep_curl,86.55,113.73,142.61,158.17,0.2906,0.7818,0.5957
bicep_curl,86.48,112.5,140.97,159.19,0.2888,0.7582,0.6166
bicep_curl,91.3,114.73,140.8,158.07,0.2855,0.7769,0.6229
bicep_curl,91.5,118.59,141.92,158.96,0.2784,0.7706,0.6539
bicep_curl,93.24,119.41,142.69,159.35,0.278,0.7849,0.6525
bicep_curl,92.25,121.37,146.76,157.84,0.2768,0.8228,0.6662
bicep_curl,91.12,125.77,148.76,158.2,0.2775,0.7952,0.6634
bicep_curl,89.24,131.26,146.46,153.56,0.2757,0.794,0.6035
bicep_curl,94.99,132.78,145.24,156.3,0.2751,0.7998,0.5838
bicep_curl,97.46,141.19,145.98,160.88,0.2776,0.8189,0.5544
bicep_curl,88.06,138.05,144.16,155.82,0.2783,0.7609,0.5918
bicep_curl,81.82,132.53,142.61,152.07,0.2758,0.7438,0.6243
bicep_curl,90.4,97.92,144.29,161.54,0.2734,0.7921,0.5979
bicep_curl,100.65,95.26,143.09,164.26,0.2751,0.9048,0.683
bicep_curl,101.1,90.23,143.95,167.39,0.2737,0.9175,0.6925
bicep_curl,107.43,91.06,142.1,165.98,0.2812,0.984,0.8046
bicep_curl,109.01,92.72,137.8,163.32,0.2943,0.9995,0.8378
bicep_curl,112.17,95.1,136.51,163.37,0.3035,1.0307,0.85
bicep_curl,108.81,109.79,137.51,164.17,0.3144,0.9911,0.9756
bicep_curl,104.51,111.24,136.54,168.17,0.2771,0.9713,1.0464
bicep_curl,105.12,111.66,138.57,171.05,0.2758,0.9933,1.0484
bicep_curl,105.41,112.29,140.39,168.9,0.2751,1.0062,1.0669
bicep_curl,105.61,112.4,139.89,165.89,0.2763,1.0074,1.0587
bicep_curl,106.38,113.79,139.04,164.24,0.2787,1.0222,1.0643
bicep_curl,105.14,114.3,140.86,163.45,0.282,1.0136,1.0674
bicep_curl,103.64,113.24,141.94,163.3,0.2829,0.9984,1.0593
bicep_curl,103.58,113.73,141.76,162.95,0.2833,0.9949,1.0749
bicep_curl,100.97,113.33,141.46,162.15,0.2831,0.9691,1.0745
bicep_curl,101.9,112.61,140.16,162.59,0.2845,0.9636,1.0664
bicep_curl,99.74,113.2,139.22,161.04,0.3055,0.9322,1.0653
bicep_curl,98.66,111.92,138.94,161.04,0.31,0.9289,1.0545
bicep_curl,97.85,104.52,138.39,162.04,0.315,0.933,0.9159
bicep_curl,97.87,101.05,138.28,162.97,0.3145,0.9416,0.8563
bicep_curl,90.71,99.45,138.61,163.39,0.3036,0.8675,0.8126
bicep_curl,75.77,80.32,145.77,164.24,0.2847,0.7828,0.622
bicep_curl,70.09,85.3,147.42,163.44,0.2799,0.7617,0.5896
bicep_curl,71.73,92.01,144.88,161.15,0.2816,0.7709,0.5955
bicep_curl,74.4,99.41,143.79,160.93,0.2803,0.7948,0.6032
bicep_curl,79.28,109.68,144.54,164.64,0.2794,0.8023,0.6079
bicep_curl,90.78,116.49,143.68,163.06,0.2805,0.8823,0.6433
bicep_curl,87.02,133.64,142.02,150.75,0.2756,0.8589,0.593
bicep_curl,88.6,135.49,142.09,148.28,0.2746,0.8606,0.583
bicep_curl,85.6,135.81,141.16,147.95,0.2738,0.8504,0.5896
bicep_curl,83.72,136.89,141.6,147.18,0.274,0.8338,0.5845
bicep_curl,77.53,131.51,142.55,148.07,0.2728,0.7918,0.5842
bicep_curl,71.38,129.69,143.76,150.22,0.2711,0.7775,0.5978
bicep_curl,77.26,129.35,143.92,154.11,0.2715,0.8008,0.6382
bicep_curl,81.27,128.41,145.05,158.31,0.272,0.8092,0.6472
bicep_curl,76.24,126.68,143.08,157.62,0.2719,0.7836,0.6158
bicep_curl,75.66,115.13,142.03,159.66,0.2729,0.7841,0.6096
bicep_curl,72.61,107.11,140.61,160.64,0.2735,0.7668,0.6123
bicep_curl,75.32,97.83,140.1,166.54,0.2745,0.7854,0.5875
bicep_curl,83.38,92.9,139.12,168.41,0.2894,0.8363,0.7977
bicep_curl,90.19,91.8,139.48,168.04,0.3052,0.8712,0.7797
bicep_curl,91.8,89.68,139.22,166.26,0.3063,0.878,0.7879
bicep_curl,92.35,103.38,139.28,166.3,0.3186,0.8801,0.916
bicep_curl,97.19,110.22,140.81,167.62,0.3155,0.9301,0.9916
bicep_curl,102.67,113.69,140.37,167.89,0.3131,0.9831,1.0275
bicep_curl,106.17,112.58,140.75,166.54,0.2863,0.9989,1.0441
bicep_curl,105.76,112.25,140.54,164.64,0.2852,0.9986,1.048
bicep_curl,105.27,111.55,140.8,164.49,0.285,0.999,1.0455
bicep_curl,105.83,112.46,140.26,163.78,0.2874,1.0136,1.0515
bicep_curl,105.87,113.06,140.85,163.06,0.2875,1.0156,1.0546
bicep_curl,106.5,114.11,140.44,163.75,0.2881,1.0199,1.0637
bicep_curl,107.24,115.34,140.7,163.82,0.2894,1.0319,1.0779
bicep_curl,106.26,115.18,140.58,164.15,0.2892,1.0178,1.075
bicep_curl,107.4,114.37,140.22,164.64,0.2892,1.0316,1.0685
bicep_curl,106.93,114.16,139.91,164.57,0.2894,1.0299,1.0622
bicep_curl,104.57,113.53,139.56,165.13,0.2898,0.9959,1.052
bicep_curl,104.47,113.71,139.51,165.13,0.2895,0.9961,1.0565
bicep_curl,102.09,113.67,139.59,165.49,0.2897,0.9679,1.0575
bicep_curl,105.5,115.33,140.0,165.35,0.2889,1.0168,1.0813
bicep_curl,106.0,115.87,138.89,164.49,0.2892,1.0211,1.0916
bicep_curl,105.78,115.33,139.07,164.59,0.2869,1.0178,1.0849
bicep_curl,103.85,114.46,138.36,164.59,0.2855,0.9949,1.0758
bicep_curl,103.81,113.51,138.61,163.87,0.2843,0.9954,1.062
bicep_curl,103.71,113.44,139.21,163.34,0.2845,0.993,1.0626
bicep_curl,95.46,111.27,140.25,164.87,0.2918,0.9127,1.0349
bicep_curl,92.92,109.31,140.76,164.37,0.2944,0.8958,1.0097
bicep_curl,92.88,109.15,141.52,164.68,0.2953,0.9055,1.0106
bicep_curl,91.23,108.33,141.45,164.9,0.296,0.8925,1.0008
bicep_curl,90.41,108.12,141.56,164.79,0.2965,0.887,0.9993
bicep_curl,90.43,108.32,141.16,163.53,0.2984,0.8899,1.0034
bicep_curl,91.18,108.27,141.71,163.83,0.3011,0.8977,1.0065
bicep_curl,90.44,108.36,142.19,163.71,0.3026,0.8919,1.0069
bicep_curl,90.49,108.31,142.02,165.47,0.3033,0.893,1.0062
bicep_curl,90.67,108.61,141.88,165.62,0.3026,0.8949,1.0081
bicep_curl,90.7,108.56,142.08,165.62,0.3022,0.8951,1.0068
bicep_curl,89.61,108.5,142.14,165.73,0.3022,0.8873,1.0045
bicep_curl,88.28,108.32,142.38,166.17,0.3028,0.8751,1.0012
bicep_curl,87.91,108.33,142.61,165.84,0.304,0.873,1.0007
bicep_curl,83.88,107.34,142.19,166.06,0.3051,0.8422,0.9869
bicep_curl,84.64,107.27,142.39,166.12,0.3055,0.8494,0.9866
bicep_curl,85.06,107.36,142.44,166.04,0.3059,0.854,0.9885
bicep_curl,85.31,107.15,142.84,166.22,0.3059,0.8553,0.9874
bicep_curl,85.53,107.48,142.77,166.05,0.3061,0.8581,0.9922
bicep_curl,86.02,107.39,142.78,165.8,0.3069,0.8623,0.9929
bicep_curl,87.59,108.12,143.08,166.05,0.3077,0.8772,1.0052
bicep_curl,88.6,108.56,143.1,165.81,0.3083,0.8863,1.0078
bicep_curl,88.69,108.66,143.27,166.51,0.309,0.8863,1.0084
bicep_curl,89.64,108.97,143.12,166.77,0.3104,0.8934,1.0108
bicep_curl,89.77,109.11,143.02,167.66,0.3097,0.8945,1.0116
bicep_curl,89.17,109.12,142.99,167.44,0.3094,0.8896,1.0115
bicep_curl,89.14,109.37,143.37,167.96,0.3088,0.8896,1.0141
bicep_curl,87.26,108.96,143.12,167.95,0.3086,0.8747,1.0104
bicep_curl,85.79,108.37,142.6,166.76,0.3076,0.8636,1.0055
bicep_curl,88.1,108.92,143.79,167.74,0.3066,0.8832,1.009
bicep_curl,89.15,109.11,143.67,167.28,0.3046,0.8915,1.0096
bicep_curl,91.43,109.3,143.6,167.13,0.3035,0.9083,1.01
bicep_curl,92.7,109.56,143.58,167.07,0.3034,0.9168,1.0126
bicep_curl,93.26,109.45,143.43,166.96,0.3029,0.9204,1.0136
bicep_curl,93.64,109.44,143.41,166.49,0.3024,0.9229,1.014
bicep_curl,93.92,109.51,143.07,166.46,0.3025,0.9252,1.0164
bicep_curl,95.97,109.73,142.07,165.68,0.3042,0.9417,1.021
bicep_curl,95.42,109.84,142.14,165.92,0.3039,0.9352,1.023
bicep_curl,96.08,109.63,141.58,165.88,0.3046,0.9411,1.0217
bicep_curl,96.61,109.96,141.4,166.06,0.3041,0.9466,1.0253
bicep_curl,97.11,110.18,141.4,165.92,0.3045,0.9516,1.027
bicep_curl,97.33,110.32,141.99,166.19,0.3033,0.9531,1.0296
bicep_curl,97.42,110.41,142.2,166.44,0.3025,0.9539,1.0311
bicep_curl,97.2,110.67,141.77,166.17,0.3013,0.9517,1.0339
bicep_curl,97.94,111.22,141.54,165.59,0.3005,0.9603,1.0407
bicep_curl,97.91,111.11,141.41,165.34,0.3004,0.96,1.0396
bicep_curl,98.43,111.33,141.38,165.05,0.3003,0.9659,1.0435
bicep_curl,98.26,111.05,141.39,165.1,0.2998,0.964,1.0402
bicep_curl,98.9,111.61,141.52,165.16,0.3001,0.9701,1.0472
bicep_curl,98.72,111.34,141.71,165.35,0.2997,0.9682,1.0427
bicep_curl,98.45,111.64,142.17,165.49,0.2987,0.9646,1.0443
bicep_curl,98.34,111.51,141.99,165.57,0.299,0.9629,1.0438
bicep_curl,98.04,111.21,142.15,165.69,0.2981,0.9603,1.0395
bicep_curl,97.61,111.26,142.26,166.01,0.2979,0.9553,1.0404
bicep_curl,97.35,111.15,142.74,166.66,0.2981,0.9526,1.0399
bicep_curl,97.06,111.12,142.81,166.82,0.2983,0.9495,1.0395
bicep_curl,96.74,111.23,143.01,166.98,0.2985,0.9468,1.0403
bicep_curl,96.52,111.42,143.05,167.03,0.2984,0.9444,1.0438
bicep_curl,97.05,111.53,143.34,167.0,0.2981,0.9489,1.0459
bicep_curl,97.83,111.91,143.29,166.87,0.2982,0.9582,1.0517
bicep_curl,97.87,111.86,143.16,166.33,0.2983,0.9579,1.0533
bicep_curl,97.85,111.87,143.02,165.67,0.2984,0.9575,1.0539
bicep_curl,97.87,111.87,142.91,165.5,0.2986,0.9573,1.0541
bicep_curl,98.12,111.84,142.81,165.55,0.2987,0.9598,1.0543
bicep_curl,98.15,111.77,142.64,165.52,0.2986,0.9595,1.0539
bicep_curl,97.99,111.74,142.61,165.56,0.2987,0.9569,1.0536
bicep_curl,97.95,111.56,142.8,166.08,0.2982,0.9567,1.0516
bicep_curl,97.95,111.09,142.77,165.73,0.2981,0.9565,1.045
bicep_curl,96.63,110.39,142.41,165.67,0.2987,0.9435,1.0381
bicep_curl,96.28,110.06,142.05,165.24,0.2993,0.9421,1.0348
bicep_curl,96.18,109.74,142.03,165.28,0.2984,0.9435,1.0322
bicep_curl,96.04,109.21,141.99,165.46,0.2986,0.9462,1.0268
bicep_curl,96.93,109.05,141.43,164.87,0.3007,0.9578,1.0298
bicep_curl,97.24,108.82,140.82,165.09,0.3042,0.9588,1.0305
bicep_curl,99.51,109.4,140.46,165.3,0.3075,0.9895,1.0362
bicep_curl,100.22,110.34,139.29,164.58,0.3098,0.9875,1.0416
bicep_curl,108.49,114.16,138.56,163.03,0.3129,1.0023,1.0462
bicep_curl,110.64,115.43,139.08,162.23,0.3136,0.9989,1.0512
bicep_curl,108.82,113.99,140.7,159.55,0.3036,0.9458,1.0256
bicep_curl,105.49,113.65,140.4,158.12,0.3008,0.8961,1.0057
bicep_curl,88.64,113.2,141.5,159.29,0.2875,0.6712,0.8435
bicep_curl,87.88,113.74,142.13,155.09,0.2868,0.6427,0.8033
bicep_curl,88.16,109.25,143.62,154.05,0.2864,0.6409,0.7308
bicep_curl,92.84,104.76,143.65,153.33,0.2868,0.6429,0.6705
bicep_curl,93.11,107.97,142.62,155.61,0.2857,0.6325,0.692
bicep_curl,100.72,115.37,141.67,156.04,0.2836,0.643,0.6558
bicep_curl,110.27,118.62,143.69,155.44,0.2802,0.6492,0.6724
bicep_curl,110.04,107.28,144.87,156.44,0.2775,0.6557,0.7005
bicep_curl,107.37,104.9,141.72,151.04,0.2729,0.6639,0.7034
bicep_curl,103.85,110.66,142.2,152.58,0.2747,0.6431,0.6623
bicep_curl,103.34,103.32,140.63,155.19,0.2775,0.6637,0.6618
bicep_curl,98.69,103.61,137.04,156.17,0.2754,0.6775,0.6563
bicep_curl,85.39,93.0,141.68,155.21,0.2757,0.6847,0.6338
bicep_curl,100.37,101.74,143.49,155.68,0.2787,0.7805,0.7397
bicep_curl,114.71,106.9,142.38,156.2,0.281,0.9111,0.8083
bicep_curl,119.53,107.36,140.22,152.85,0.2819,0.9929,0.8308
bicep_curl,119.66,111.5,140.41,156.75,0.2907,1.0132,0.8959
bicep_curl,115.38,118.16,141.31,163.83,0.3162,1.0165,1.0452
bicep_curl,111.41,115.3,140.52,165.16,0.3069,1.0031,1.0371
bicep_curl,109.45,113.52,140.1,164.3,0.3015,0.9687,1.0419
bicep_curl,102.26,112.06,139.71,164.08,0.31,0.9046,1.0368
bicep_curl,91.69,108.75,140.88,164.0,0.3066,0.8483,1.0047
bicep_curl,88.57,109.3,140.76,165.37,0.3109,0.8433,1.0045
bicep_curl,86.41,108.68,141.49,165.82,0.3114,0.8338,0.9957
bicep_curl,85.09,108.1,141.46,166.47,0.3134,0.8287,0.9898
bicep_curl,83.86,107.18,140.79,165.23,0.3126,0.8185,0.9924
bicep_curl,83.14,106.61,140.57,164.78,0.3119,0.8136,0.9936
bicep_curl,84.53,106.11,141.19,165.76,0.3089,0.8222,0.9885
bicep_curl,86.08,105.66,141.12,165.81,0.3078,0.8313,0.9879
bicep_curl,85.25,104.95,141.81,166.01,0.3057,0.8255,0.9813
bicep_curl,85.98,104.5,141.98,164.96,0.3086,0.8179,0.9928
bicep_curl,86.52,105.0,141.96,163.4,0.3065,0.8027,1.0086
bicep_curl,108.66,111.25,140.33,160.27,0.3126,0.9336,1.001
bicep_curl,113.83,113.6,139.36,157.52,0.3066,0.9535,1.0011
bicep_curl,116.37,103.7,138.54,155.97,0.3019,0.9585,0.8243
bicep_curl,109.6,107.65,141.85,158.36,0.2918,0.7643,0.7174
bicep_curl,101.73,100.01,144.22,154.38,0.2941,0.6653,0.556
bicep_curl,102.37,104.34,143.88,155.74,0.2906,0.6403,0.5924
bicep_curl,101.56,115.88,147.18,155.74,0.2905,0.6172,0.5929
bicep_curl,104.46,118.57,144.95,155.72,0.2899,0.6152,0.5851
bicep_curl,126.02,120.98,142.89,153.96,0.2913,0.6143,0.6355
bicep_curl,126.61,119.87,141.89,153.6,0.2923,0.6119,0.6398
bicep_curl,130.59,121.74,143.91,150.58,0.2925,0.6006,0.6219
bicep_curl,133.93,123.14,141.95,149.99,0.2911,0.6011,0.598
bicep_curl,132.2,114.2,142.44,151.68,0.2923,0.5994,0.5979
bicep_curl,122.71,116.83,143.01,152.62,0.291,0.5966,0.6097
bicep_curl,121.33,119.82,141.39,153.46,0.2904,0.5944,0.5974
bicep_curl,123.72,119.18,141.43,153.84,0.2906,0.5831,0.5845
bicep_curl,124.18,127.66,137.1,155.85,0.2899,0.5841,0.6736
bicep_curl,96.09,115.77,134.35,147.5,0.2903,0.6235,0.5566
bicep_curl,96.54,114.71,132.52,148.55,0.2947,0.6119,0.5432
bicep_curl,98.15,108.32,133.54,150.36,0.296,0.5829,0.5151
bicep_curl,100.17,103.18,135.01,152.58,0.2994,0.5994,0.5806
bicep_curl,107.53,109.13,139.31,157.58,0.3078,0.6284,0.6332
bicep_curl,118.76,115.15,140.91,156.65,0.2921,0.7441,0.6996
bicep_curl,123.96,117.32,144.42,163.97,0.3057,0.9484,0.8381
bicep_curl,114.46,118.95,143.71,165.38,0.3053,0.9002,0.9447
bicep_curl,111.15,118.08,142.69,166.17,0.3021,0.8555,0.9598
bicep_curl,103.71,113.08,142.54,165.78,0.3033,0.8393,0.9447
bicep_curl,92.77,107.98,142.93,168.65,0.3027,0.7615,0.9167
bicep_curl,96.37,106.75,142.96,167.21,0.2958,0.7827,0.9271
bicep_curl,96.83,104.86,144.26,167.07,0.2908,0.8054,0.9219
bicep_curl,100.73,108.94,147.92,166.14,0.284,0.825,0.9486
bicep_curl,102.35,110.7,149.13,166.17,0.2806,0.8369,0.9496
bicep_curl,102.44,111.32,148.51,165.8,0.2803,0.8404,0.9463
bicep_curl,102.99,113.37,147.5,165.4,0.2798,0.8529,0.9563
bicep_curl,103.39,116.89,144.66,165.28,0.2823,0.8805,0.986
bicep_curl,109.98,109.22,143.7,164.47,0.2959,0.9542,0.8908
bicep_curl,116.12,79.18,144.46,167.66,0.2845,1.0238,0.6814
bicep_curl,115.47,87.53,143.68,165.49,0.2855,1.0111,0.7296
bicep_curl,112.19,93.89,143.25,164.43,0.2899,0.9338,0.7412
bicep_curl,115.99,109.82,143.22,160.74,0.2916,0.9365,0.8163
bicep_curl,133.82,113.7,142.97,161.28,0.2988,1.1534,0.8118
bicep_curl,148.37,125.13,125.08,163.87,0.3287,0.8628,0.7679
bicep_curl,144.88,109.95,125.1,144.09,0.2838,0.7161,0.8537
bicep_curl,139.56,111.93,126.89,143.83,0.2823,0.6036,0.6493
bicep_curl,134.89,112.71,124.96,154.29,0.2579,0.6225,0.6098
bicep_curl,135.47,111.17,126.75,153.0,0.2544,0.627,0.6601
bicep_curl,139.92,119.63,131.52,150.87,0.256,0.5985,0.6451
bicep_curl,140.07,125.04,139.81,150.31,0.282,0.6051,0.8162
bicep_curl,118.33,129.54,144.95,156.84,0.2803,0.8534,1.1163
bicep_curl,102.11,116.76,145.98,160.27,0.3096,0.8815,0.9687
bicep_curl,104.53,111.03,141.17,150.34,0.2726,1.036,1.1252
bicep_curl,102.11,109.82,140.05,148.94,0.2628,1.0243,1.1352
bicep_curl,100.4,111.18,142.5,154.3,0.2597,0.9915,1.1024
bicep_curl,103.4,112.61,145.36,158.13,0.2596,0.9959,1.0804
bicep_curl,102.74,112.39,145.34,160.51,0.2589,0.9705,1.0667
bicep_curl,102.09,115.19,145.22,161.19,0.2588,0.9627,1.088
bicep_curl,102.3,111.86,142.8,162.34,0.2688,0.9649,1.0535
bicep_curl,101.49,109.07,142.25,163.05,0.2724,0.9602,1.0303
bicep_curl,101.96,109.58,143.37,160.71,0.2704,0.962,1.0289
bicep_curl,99.61,108.92,143.07,160.77,0.2639,0.9495,1.0276
bicep_curl,99.22,108.84,142.41,159.61,0.2651,0.9544,1.0256
bicep_curl,99.45,109.07,142.19,158.96,0.2662,0.9602,1.0282
bicep_curl,99.18,109.31,142.44,159.66,0.2648,0.9617,1.0325
bicep_curl,98.18,109.15,142.12,159.5,0.2634,0.9551,1.0319
bicep_curl,98.16,107.65,141.28,156.88,0.2673,0.9585,1.0166
bicep_curl,97.4,107.83,140.86,157.9,0.2668,0.9547,1.0215
bicep_curl,97.59,107.8,141.06,158.53,0.2675,0.9592,1.0229
bicep_curl,96.24,105.64,141.9,159.48,0.2677,0.9562,1.0111
bicep_curl,94.65,104.08,141.98,159.58,0.2666,0.9463,1.0068
bicep_curl,96.43,103.48,142.19,159.76,0.2687,0.9661,1.0106
bicep_curl,96.71,103.31,142.3,159.83,0.2686,0.9709,1.0149
bicep_curl,92.42,103.55,142.12,158.48,0.2616,0.9429,1.0387
bicep_curl,90.83,103.45,142.53,159.31,0.2616,0.9335,1.0492
bicep_curl,89.08,103.33,141.27,157.41,0.2633,0.921,1.0709
bicep_curl,88.08,102.44,139.79,156.52,0.2674,0.9128,1.0918
bicep_curl,84.64,101.66,139.83,157.27,0.2705,0.89,1.0828
bicep_curl,82.75,100.94,141.16,157.23,0.2709,0.8759,1.0805
bicep_curl,92.36,108.33,140.12,154.93,0.2758,0.9141,1.1206
bicep_curl,95.96,110.69,137.91,153.41,0.2805,0.9055,1.1174
bicep_curl,97.09,114.98,141.96,154.42,0.2906,0.8497,1.1764
bicep_curl,90.79,110.26,141.2,153.41,0.2997,0.7259,1.0701
bicep_curl,98.79,115.11,140.33,151.03,0.2936,0.7289,1.0549
bicep_curl,112.19,118.15,139.83,150.16,0.2958,0.6835,0.9875
bicep_curl,120.93,115.85,137.88,151.87,0.2961,0.7017,0.942
bicep_curl,122.99,109.57,137.55,151.98,0.2945,0.6512,0.7281
bicep_curl,123.62,109.47,137.78,155.25,0.2936,0.6484,0.7062
bicep_curl,122.19,111.12,136.6,160.3,0.2977,0.6433,0.6994
bicep_curl,131.0,108.02,134.18,160.44,0.3048,0.6446,0.6406
bicep_curl,132.68,100.79,125.29,162.65,0.3262,0.593,0.5149
bicep_curl,134.13,112.11,121.92,153.53,0.3429,0.5997,0.5911
bicep_curl,142.07,119.26,130.53,167.11,0.3666,0.6306,0.6799
bicep_curl,140.71,116.74,133.06,167.99,0.3671,0.6265,0.6724
no_exercise,139.13,110.27,134.4,166.55,0.3601,0.6154,0.61
no_exercise,138.67,106.98,137.16,166.16,0.3523,0.6093,0.5789
no_exercise,141.94,104.76,137.48,163.49,0.3526,0.6185,0.588
no_exercise,143.73,105.0,136.59,162.89,0.3515,0.6198,0.5831
no_exercise,143.78,105.12,135.81,163.03,0.3502,0.6174,0.5932
no_exercise,143.94,105.52,138.09,160.96,0.3484,0.6203,0.5892
no_exercise,143.82,110.01,140.33,158.57,0.3459,0.6512,0.656
no_exercise,144.24,110.11,139.25,156.51,0.3553,0.6666,0.6535
no_exercise,143.56,105.05,139.44,153.18,0.3368,0.6655,0.6408
no_exercise,140.22,104.85,140.12,150.87,0.3297,0.6602,0.6069
no_exercise,134.23,98.17,138.51,151.65,0.3329,0.65,0.6042
no_exercise,126.88,92.37,134.01,145.56,0.337,0.6721,0.6267
no_exercise,129.62,94.77,135.28,144.41,0.3097,0.6722,0.6377
no_exercise,126.69,103.62,136.95,145.84,0.2975,0.6547,0.6228
no_exercise,123.85,97.73,134.84,144.45,0.2928,0.6454,0.6393
no_exercise,119.83,99.44,135.39,145.89,0.2982,0.6447,0.6825
no_exercise,116.59,108.84,134.54,145.1,0.2889,0.6419,0.7204
no_exercise,118.72,109.76,137.33,146.64,0.2881,0.6105,0.6699
no_exercise,117.66,109.77,138.43,146.03,0.2863,0.6126,0.6485
no_exercise,117.35,117.52,137.29,146.84,0.2839,0.647,0.7076
no_exercise,116.75,114.76,137.95,147.4,0.2838,0.6456,0.6752
no_exercise,117.55,118.88,136.72,148.75,0.2846,0.6473,0.6929
no_exercise,116.69,114.37,136.34,146.89,0.286,0.6539,0.6753
no_exercise,116.97,113.43,135.89,147.05,0.2883,0.6626,0.6659
no_exercise,114.15,106.36,136.14,146.4,0.2827,0.6516,0.6422
no_exercise,115.04,103.48,137.89,149.03,0.2818,0.6241,0.5786
no_exercise,115.38,110.01,138.14,147.08,0.281,0.6236,0.5908
no_exercise,118.73,114.02,140.75,147.75,0.2833,0.6187,0.6001
no_exercise,117.87,114.56,140.6,152.07,0.2899,0.6467,0.6007
no_exercise,116.51,116.04,142.28,155.38,0.2949,0.6602,0.597
no_exercise,112.75,115.2,141.52,154.73,0.3016,0.6654,0.6035
no_exercise,113.66,114.01,142.13,156.83,0.312,0.6649,0.6063
no_exercise,111.67,110.82,140.6,153.86,0.3031,0.6462,0.5826
no_exercise,109.09,108.51,139.58,150.82,0.3104,0.6409,0.5855
no_exercise,109.39,108.46,139.96,152.71,0.3147,0.6441,0.5932
no_exercise,107.22,109.2,139.41,152.5,0.2935,0.6574,0.6037
no_exercise,111.57,108.98,141.35,156.33,0.2966,0.6531,0.5948
no_exercise,114.04,111.95,144.19,161.01,0.297,0.6429,0.589
no_exercise,114.36,113.58,145.45,160.88,0.3008,0.6408,0.5868
no_exercise,112.21,113.35,147.08,162.52,0.3046,0.6269,0.5825
no_exercise,110.11,111.65,148.25,164.03,0.3114,0.6254,0.5839
no_exercise,109.12,111.5,147.14,163.85,0.3191,0.6279,0.5831
no_exercise,109.66,109.85,143.98,157.39,0.3237,0.6404,0.5883
no_exercise,110.38,107.6,136.35,156.24,0.3359,0.6531,0.6101
no_exercise,109.79,109.6,135.15,149.62,0.3267,0.5953,0.5765
no_exercise,106.01,110.21,137.47,147.87,0.31,0.5893,0.5547
no_exercise,106.47,111.82,137.39,145.7,0.304,0.5625,0.534
no_exercise,105.44,110.61,133.68,146.87,0.3002,0.5693,0.5336
no_exercise,107.88,114.18,133.28,154.92,0.2877,0.5892,0.5418
no_exercise,106.39,107.9,129.31,150.53,0.2867,0.616,0.5896
no_exercise,109.49,111.84,130.68,158.37,0.2675,0.5903,0.5885
no_exercise,109.02,109.51,128.87,158.42,0.2595,0.6072,0.603
no_exercise,112.95,110.32,127.2,154.44,0.2522,0.6012,0.5969
no_exercise,105.33,109.95,127.08,152.01,0.2584,0.5907,0.5857
no_exercise,109.33,118.04,126.73,157.21,0.2731,0.5715,0.5886
no_exercise,108.45,109.96,124.77,153.76,0.2568,0.5528,0.5902
no_exercise,107.29,112.23,126.4,157.2,0.2591,0.5467,0.5726
no_exercise,106.73,111.12,126.83,158.39,0.2423,0.54,0.5604
no_exercise,104.76,110.15,126.3,157.35,0.2468,0.5692,0.5717
no_exercise,116.54,110.03,127.34,158.31,0.2451,0.5176,0.5585
no_exercise,108.01,116.87,125.73,157.36,0.241,0.5493,0.5306
no_exercise,106.41,113.77,126.09,160.3,0.2305,0.5421,0.5365
no_exercise,106.4,112.84,124.38,159.06,0.2311,0.5418,0.5354
no_exercise,103.31,110.66,120.47,156.99,0.2303,0.5369,0.5366
no_exercise,100.51,107.66,120.72,156.99,0.2284,0.5405,0.5381
no_exercise,95.67,103.7,121.93,156.51,0.2221,0.5422,0.5377
no_exercise,98.81,108.17,122.95,159.56,0.216,0.5257,0.5115
no_exercise,95.44,104.17,121.96,156.11,0.2138,0.5283,0.5083
no_exercise,97.76,103.6,121.44,152.56,0.2151,0.5278,0.5069
no_exercise,96.15,106.84,119.92,151.52,0.2198,0.5298,0.5056
no_exercise,100.11,110.21,120.03,153.65,0.2154,0.522,0.4906
no_exercise,94.07,106.64,120.45,152.65,0.1992,0.5243,0.5047
no_exercise,108.06,115.62,124.13,155.06,0.1993,0.5075,0.4902
no_exercise,105.1,113.03,122.42,153.79,0.1981,0.491,0.4805
no_exercise,102.71,112.26,123.46,152.24,0.197,0.4777,0.4717
no_exercise,102.5,110.68,121.09,154.99,0.1907,0.4618,0.4655
no_exercise,100.04,112.09,120.39,155.27,0.1895,0.4496,0.4568
no_exercise,99.48,107.9,122.2,156.6,0.1781,0.4654,0.4458
no_exercise,82.5,107.86,121.45,158.22,0.1756,0.4539,0.4239
no_exercise,85.21,107.0,124.29,159.61,0.1756,0.4378,0.4209
no_exercise,93.44,106.24,124.62,158.46,0.1701,0.435,0.4226
no_exercise,102.71,109.61,124.73,158.17,0.1666,0.4215,0.4196
no_exercise,101.92,114.17,131.34,160.91,0.171,0.3934,0.4076
no_exercise,101.01,115.73,128.85,162.61,0.1585,0.3962,0.4003
no_exercise,93.46,104.63,129.55,159.76,0.1614,0.4106,0.4088
no_exercise,98.77,104.39,131.59,160.62,0.1655,0.3948,0.3987
no_exercise,108.59,107.72,137.99,164.05,0.17,0.3777,0.3952
no_exercise,97.38,108.56,135.99,162.04,0.1614,0.4086,0.3864
no_exercise,106.78,115.71,139.18,162.84,0.1622,0.3797,0.3734
no_exercise,112.04,120.54,138.87,163.84,0.1661,0.3744,0.3783
no_exercise,115.57,121.44,139.85,163.72,0.1652,0.3737,0.3722
no_exercise,114.85,123.51,140.06,162.99,0.1616,0.3746,0.3747
no_exercise,112.19,119.76,138.0,161.88,0.1601,0.3843,0.3839
no_exercise,110.69,114.66,135.0,156.89,0.1618,0.3863,0.3814
no_exercise,113.79,119.11,135.6,156.74,0.1627,0.3818,0.368
no_exercise,114.14,126.08,138.46,154.75,0.1607,0.3774,0.3574
no_exercise,114.03,120.3,130.58,154.31,0.1566,0.3785,0.3669
no_exercise,112.54,116.59,129.51,151.57,0.154,0.3674,0.3612
no_exercise,110.37,114.24,128.74,151.44,0.1509,0.3684,0.3637
no_exercise,111.42,110.86,127.98,151.22,0.1504,0.3705,0.3709
no_exercise,110.15,104.34,127.75,150.1,0.1481,0.3748,0.376
no_exercise,111.95,106.88,128.58,150.9,0.1491,0.3751,0.3682
no_exercise,109.87,104.11,130.66,149.5,0.1487,0.3787,0.3626
no_exercise,112.23,103.17,132.32,148.72,0.1503,0.3744,0.3649
no_exercise,115.73,103.95,133.42,149.79,0.1467,0.37,0.3572
no_exercise,114.43,103.35,134.66,148.02,0.1404,0.3684,0.3581
no_exercise,113.05,104.43,138.89,144.88,0.1369,0.363,0.3545
no_exercise,111.08,105.39,140.19,142.93,0.1362,0.3628,0.3545
no_exercise,113.09,105.16,140.22,144.24,0.135,0.364,0.3586
no_exercise,112.3,107.52,139.6,145.77,0.1339,0.3657,0.3554
no_exercise,109.11,108.03,139.6,146.37,0.1322,0.3602,0.3639
no_exercise,108.1,110.28,138.29,145.05,0.1317,0.3613,0.3652
no_exercise,108.62,113.68,134.16,142.33,0.1311,0.3605,0.3692
no_exercise,109.36,113.78,133.86,142.33,0.1303,0.3611,0.3668
no_exercise,108.61,113.02,131.4,140.09,0.1305,0.3619,0.3677
no_exercise,105.84,110.96,133.45,140.18,0.1323,0.3633,0.3669
no_exercise,101.9,110.91,130.21,137.44,0.1378,0.3721,0.3664
no_exercise,103.11,109.98,129.39,137.02,0.1379,0.3689,0.3704
no_exercise,103.8,109.57,130.69,135.45,0.1377,0.3687,0.3728
no_exercise,102.0,110.4,129.9,135.93,0.1382,0.3736,0.3733
no_exercise,100.72,111.66,128.81,135.59,0.1381,0.3795,0.3761
no_exercise,99.51,111.38,128.17,135.87,0.1372,0.3823,0.3765
no_exercise,100.51,110.44,129.92,137.27,0.1365,0.381,0.3795
no_exercise,101.33,110.47,129.68,137.19,0.1366,0.3794,0.3781
no_exercise,103.6,108.05,130.8,137.3,0.1335,0.3776,0.3821
no_exercise,104.92,107.27,131.02,136.79,0.1326,0.3768,0.3815
no_exercise,107.64,108.2,129.74,136.71,0.1316,0.3705,0.3753
no_exercise,108.97,107.98,128.48,136.06,0.1314,0.3683,0.3718
no_exercise,109.92,108.33,127.23,135.66,0.1312,0.3684,0.3703
no_exercise,108.67,109.65,128.64,138.01,0.1293,0.3722,0.3664
no_exercise,108.42,110.16,128.85,138.14,0.1287,0.3739,0.3679
no_exercise,108.05,112.47,127.7,136.22,0.1284,0.3737,0.3634
no_exercise,108.84,112.14,128.18,137.53,0.127,0.3703,0.3622
no_exercise,108.22,111.73,126.35,137.46,0.1274,0.374,0.3649
no_exercise,107.51,110.8,127.33,138.7,0.1275,0.3717,0.3643
no_exercise,106.82,110.67,128.13,139.25,0.1275,0.3697,0.3597
no_exercise,104.82,111.01,129.14,138.41,0.1279,0.3842,0.3656
no_exercise,105.11,111.45,131.81,138.39,0.1294,0.3825,0.3694
no_exercise,104.01,110.1,133.07,142.49,0.13,0.3785,0.3748
no_exercise,107.87,109.04,134.04,142.99,0.1327,0.3756,0.3785
no_exercise,108.54,110.06,133.68,141.56,0.1348,0.3808,0.3832
no_exercise,112.06,107.62,121.83,142.06,0.144,0.3826,0.3825
no_exercise,114.33,105.65,119.26,140.76,0.1498,0.3777,0.3874
no_exercise,114.19,106.34,119.32,136.4,0.1536,0.3786,0.3886
no_exercise,116.67,109.56,121.22,135.04,0.1487,0.3672,0.3868
no_exercise,114.27,110.78,121.84,135.03,0.1441,0.3677,0.3874
no_exercise,114.42,111.63,123.12,134.61,0.1405,0.3706,0.3902
no_exercise,113.43,112.06,128.01,143.71,0.1428,0.3737,0.3908
no_exercise,114.41,113.29,128.32,143.24,0.1426,0.3759,0.3906
no_exercise,113.47,114.75,129.46,144.77,0.1405,0.3746,0.3886
no_exercise,116.04,115.43,132.3,146.89,0.1426,0.3649,0.3889
no_exercise,114.33,113.23,130.23,144.51,0.1457,0.369,0.3915
no_exercise,115.18,108.7,131.47,143.34,0.1504,0.378,0.3973
no_exercise,124.88,110.31,121.15,154.8,0.1641,0.41,0.3763
no_exercise,127.34,108.16,124.49,151.8,0.1722,0.4018,0.3826
no_exercise,123.49,106.1,122.66,151.87,0.1795,0.3875,0.3843
no_exercise,123.53,106.1,126.05,148.94,0.1884,0.3942,0.388
no_exercise,121.96,103.63,120.78,147.06,0.1936,0.3971,0.3937
no_exercise,120.2,101.28,119.87,146.52,0.1838,0.3983,0.4019
no_exercise,121.88,102.01,122.68,148.12,0.1827,0.3925,0.4002
no_exercise,123.15,101.11,124.21,149.29,0.1876,0.3875,0.4018
no_exercise,123.3,98.71,110.08,147.15,0.1893,0.3943,0.4042
no_exercise,126.28,97.66,115.1,144.01,0.2099,0.3972,0.4075
no_exercise,125.75,99.37,114.83,147.38,0.2144,0.4088,0.4019
no_exercise,128.06,98.96,118.92,143.9,0.2103,0.4003,0.4042
no_exercise,127.99,96.6,114.59,141.92,0.2116,0.3991,0.4091
no_exercise,131.77,95.6,112.79,137.37,0.2267,0.4137,0.4082
no_exercise,134.26,96.29,113.05,136.33,0.2281,0.4172,0.4064
no_exercise,139.12,96.21,115.7,136.62,0.2365,0.4243,0.4063
no_exercise,148.53,95.95,116.76,136.27,0.3151,0.4063,0.4079
no_exercise,149.42,94.31,113.25,133.37,0.3234,0.4051,0.4132
no_exercise,153.02,94.83,114.36,133.62,0.34,0.4098,0.4135
no_exercise,156.91,98.47,118.01,138.02,0.358,0.3946,0.3982
no_exercise,155.97,97.45,124.32,148.49,0.3499,0.39,0.3976
no_exercise,159.48,99.96,128.14,152.33,0.3635,0.3926,0.385
no_exercise,167.9,95.58,134.41,152.24,0.4331,0.3851,0.39
no_exercise,171.98,94.5,134.6,153.18,0.4976,0.3913,0.3905
no_exercise,171.54,98.9,133.6,157.6,0.5029,0.3838,0.3852
no_exercise,170.36,100.12,136.4,159.08,0.5292,0.389,0.3787
no_exercise,169.78,106.16,140.13,164.71,0.5134,0.3786,0.3721
no_exercise,146.0,123.63,152.1,168.28,0.4962,0.3681,0.338
no_exercise,147.22,127.52,156.67,166.57,0.493,0.3706,0.3359
no_exercise,138.55,121.31,153.26,165.0,0.4824,0.3778,0.3604
no_exercise,132.09,135.59,155.3,165.08,0.479,0.3792,0.3464
no_exercise,128.88,148.22,157.97,167.08,0.4815,0.3856,0.3344
no_exercise,130.27,139.38,163.38,172.95,0.4365,0.3911,0.2836
no_exercise,132.64,141.14,162.92,172.42,0.4196,0.3932,0.2832
no_exercise,133.09,132.25,160.76,169.72,0.4245,0.3979,0.2847
no_exercise,129.43,123.85,159.88,164.71,0.4189,0.4067,0.3466
no_exercise,128.92,112.57,158.31,162.69,0.4231,0.4063,0.3776
no_exercise,130.68,130.39,160.53,162.58,0.4226,0.3999,0.3235
no_exercise,127.52,139.35,163.48,164.29,0.3992,0.4208,0.3324
no_exercise,127.79,139.21,162.93,166.02,0.4055,0.424,0.3735
no_exercise,126.59,134.55,164.05,164.62,0.4054,0.4318,0.4124
no_exercise,129.18,140.14,167.31,165.99,0.3556,0.4173,0.3816
no_exercise,129.78,141.48,166.93,168.29,0.3618,0.4088,0.3886
no_exercise,131.72,142.54,175.36,172.07,0.3621,0.3969,0.3742
no_exercise,131.05,140.2,173.83,171.23,0.3414,0.3934,0.341
no_exercise,133.21,128.11,171.94,172.68,0.2771,0.3723,0.2813
no_exercise,131.56,135.37,168.75,172.11,0.27,0.3715,0.251
no_exercise,133.6,133.04,167.98,169.76,0.2351,0.3629,0.2436
no_exercise,140.35,137.99,164.43,169.6,0.2037,0.3515,0.2969
no_exercise,139.08,133.99,161.93,169.38,0.2025,0.3489,0.2915
no_exercise,147.73,154.07,158.98,169.99,0.1645,0.3505,0.3388
no_exercise,148.53,153.48,158.55,170.51,0.1645,0.3499,0.3426
no_exercise,146.52,152.45,159.59,171.45,0.1692,0.3521,0.3329
no_exercise,144.41,155.95,152.16,170.86,0.1756,0.3507,0.3096
no_exercise,133.86,119.64,133.75,154.07,0.1275,0.3421,0.3355
no_exercise,121.61,111.73,131.85,149.75,0.1366,0.3461,0.331
no_exercise,118.9,111.36,133.35,152.68,0.1265,0.3457,0.3015
no_exercise,163.82,173.4,155.73,166.38,0.1367,0.256,0.2803
no_exercise,169.84,135.73,167.92,170.47,0.3328,0.2516,0.3441
no_exercise,160.03,141.47,161.93,165.04,0.3227,0.2457,0.3418
no_exercise,160.42,133.74,160.28,169.96,0.398,0.2468,0.352
no_exercise,147.54,132.63,164.92,170.61,0.4371,0.238,0.3787
no_exercise,142.54,135.44,164.37,170.63,0.4493,0.2421,0.3806
no_exercise,146.21,138.14,159.67,168.93,0.4312,0.4236,0.3598
no_exercise,146.99,138.43,162.18,175.07,0.4073,0.4469,0.3612
no_exercise,139.97,135.91,161.73,170.3,0.4083,0.331,0.3608
no_exercise,137.75,129.88,159.31,172.85,0.4751,0.3029,0.3984
no_exercise,116.41,136.79,154.66,172.25,0.4655,0.2994,0.3715
no_exercise,122.21,140.0,154.43,172.72,0.4611,0.3375,0.3805
no_exercise,129.76,144.44,155.7,173.26,0.4734,0.3492,0.3747
no_exercise,132.71,147.59,153.87,167.2,0.4865,0.3626,0.3776
no_exercise,134.1,148.57,152.66,168.06,0.4844,0.3714,0.378
no_exercise,109.54,166.82,144.96,164.76,0.4797,0.4046,0.3761
no_exercise,122.0,167.58,142.17,153.0,0.4771,0.3499,0.3836
no_exercise,127.18,167.25,142.2,157.78,0.4602,0.3421,0.3988
no_exercise,129.73,167.77,140.43,159.46,0.4147,0.3363,0.3883
no_exercise,124.88,172.62,141.21,155.88,0.4005,0.3535,0.4031
no_exercise,114.42,152.28,135.33,148.17,0.2453,0.3668,0.4088
no_exercise,114.27,135.86,136.65,144.24,0.1881,0.3707,0.434
no_exercise,117.3,133.72,143.62,150.37,0.1761,0.3646,0.4367
no_exercise,113.23,135.25,143.38,148.24,0.1832,0.3715,0.4378
no_exercise,112.93,128.11,142.0,146.91,0.1758,0.3761,0.4428
no_exercise,116.81,126.26,140.8,148.01,0.1758,0.3762,0.4421
no_exercise,122.21,129.52,140.43,147.21,0.1718,0.3713,0.4287
no_exercise,115.8,129.02,138.97,143.19,0.1683,0.3958,0.4238
no_exercise,128.09,133.41,141.26,146.25,0.167,0.3705,0.413
no_exercise,128.12,136.76,142.3,149.93,0.1679,0.3729,0.4073
no_exercise,134.17,142.52,142.8,152.75,0.1692,0.3694,0.4027
no_exercise,136.62,137.11,141.54,155.34,0.1681,0.3644,0.3973
no_exercise,132.77,130.08,143.96,148.9,0.1681,0.374,0.4059
no_exercise,123.41,130.14,139.3,146.5,0.1737,0.3963,0.3985
no_exercise,118.87,121.27,140.39,145.64,0.1815,0.4135,0.4171
no_exercise,124.17,120.0,139.39,146.75,0.177,0.4051,0.4136
no_exercise,127.48,119.16,138.35,148.58,0.1785,0.4065,0.4208
no_exercise,129.26,122.59,137.76,152.78,0.1762,0.401,0.4097
no_exercise,127.99,122.47,137.86,149.91,0.1758,0.404,0.4213
no_exercise,128.73,117.04,136.22,149.61,0.1873,0.4115,0.4373
no_exercise,135.73,123.03,136.02,150.66,0.1916,0.4064,0.4376
no_exercise,135.64,132.7,136.57,151.16,0.1958,0.4108,0.4234
no_exercise,132.22,123.92,139.56,149.31,0.1987,0.4213,0.4426
no_exercise,143.26,129.18,137.93,148.76,0.2018,0.4104,0.4331
no_exercise,142.38,131.16,134.76,149.05,0.2051,0.4164,0.4477
no_exercise,137.64,128.77,129.93,150.37,0.2144,0.433,0.4756
no_exercise,139.07,129.85,131.23,147.55,0.2196,0.4481,0.4945
no_exercise,139.01,127.38,133.16,149.3,0.2223,0.4511,0.4881
no_exercise,132.85,125.05,133.78,150.13,0.226,0.4658,0.4925
no_exercise,131.02,115.07,129.87,153.06,0.2284,0.4809,0.5185
no_exercise,136.31,119.49,130.41,153.17,0.2323,0.4752,0.5175
no_exercise,135.11,113.45,131.65,150.47,0.2576,0.4819,0.4874
no_exercise,142.03,115.95,131.96,147.67,0.2498,0.4633,0.4777
no_exercise,138.04,115.83,133.33,146.38,0.2513,0.4733,0.4787
no_exercise,137.9,115.45,134.49,145.91,0.2567,0.4749,0.4817
no_exercise,134.31,116.29,136.54,148.35,0.2575,0.4798,0.4845
no_exercise,130.87,112.74,137.31,148.9,0.2619,0.4889,0.5001
no_exercise,127.23,114.51,137.32,148.13,0.2751,0.4845,0.5068
no_exercise,124.17,112.61,138.71,148.5,0.2834,0.4782,0.5188
no_exercise,124.56,111.82,140.25,148.58,0.2885,0.4807,0.519
no_exercise,123.15,111.91,139.91,148.64,0.2915,0.4876,0.5178
no_exercise,121.02,111.57,140.81,149.14,0.2962,0.4937,0.5186
no_exercise,118.46,110.96,140.72,149.62,0.2956,0.497,0.5167
no_exercise,118.96,109.59,140.51,150.04,0.2992,0.5037,0.5217
no_exercise,117.05,112.53,140.31,149.15,0.2999,0.5065,0.5124
no_exercise,114.6,109.19,140.01,148.77,0.2978,0.5116,0.5247
no_exercise,114.01,111.07,139.89,148.87,0.2983,0.5123,0.5144
no_exercise,111.38,107.93,141.51,147.6,0.2947,0.5161,0.5168
no_exercise,110.89,106.18,141.21,147.82,0.2949,0.51,0.5223
no_exercise,105.46,98.18,142.13,147.32,0.2954,0.5119,0.5358
no_exercise,103.1,97.7,141.36,146.98,0.2963,0.5223,0.5446
no_exercise,101.03,98.11,140.18,147.04,0.2952,0.5254,0.5338
no_exercise,101.53,99.04,140.69,148.99,0.2956,0.5215,0.5274
no_exercise,101.68,101.32,142.1,149.48,0.2941,0.5131,0.5191
no_exercise,99.72,98.59,141.92,147.75,0.2946,0.5255,0.5306
no_exercise,97.08,98.33,141.74,148.05,0.2931,0.5455,0.542
no_exercise,96.56,100.4,141.4,147.43,0.2932,0.5591,0.5491
no_exercise,97.31,102.12,140.82,147.96,0.2932,0.5535,0.5561
no_exercise,100.06,101.45,140.68,146.83,0.2931,0.5442,0.5687
no_exercise,100.78,99.45,139.34,146.54,0.2933,0.5443,0.5842
no_exercise,103.84,99.88,136.6,147.17,0.295,0.5292,0.5895
no_exercise,103.47,100.64,136.27,146.73,0.2969,0.5337,0.5915
no_exercise,104.25,100.89,135.96,146.53,0.298,0.5338,0.5914
no_exercise,105.24,101.05,136.25,146.42,0.2989,0.5319,0.5918
no_exercise,105.83,101.23,137.01,146.67,0.2992,0.5305,0.5925
no_exercise,105.58,101.32,137.54,147.06,0.2997,0.5305,0.592
no_exercise,105.93,101.81,137.46,147.18,0.2997,0.5296,0.5913
no_exercise,105.22,101.66,138.19,147.18,0.2998,0.5334,0.5918
no_exercise,104.62,100.58,138.94,146.54,0.3007,0.5362,0.5982
no_exercise,104.24,100.39,139.47,145.69,0.3009,0.538,0.5973
no_exercise,103.19,100.89,140.01,145.56,0.3014,0.5422,0.5938
no_exercise,103.73,102.86,140.74,145.9,0.3015,0.5391,0.5838
no_exercise,104.04,102.96,140.63,145.68,0.3014,0.5378,0.5824
no_exercise,103.52,102.45,140.79,145.58,0.3012,0.5412,0.5845
no_exercise,103.96,102.23,139.98,146.0,0.3008,0.5408,0.5853
no_exercise,104.41,103.44,139.83,146.45,0.3003,0.5393,0.5818
no_exercise,104.5,102.81,140.51,146.51,0.3,0.5397,0.5844
no_exercise,105.64,103.15,140.08,146.44,0.3,0.535,0.5834
no_exercise,105.43,102.76,139.93,146.89,0.2997,0.5358,0.5855
no_exercise,105.03,102.97,139.88,146.98,0.2996,0.5374,0.5854
no_exercise,105.21,102.77,139.83,146.96,0.299,0.5369,0.5865
no_exercise,105.51,102.55,139.87,147.02,0.299,0.5358,0.5881
no_exercise,105.4,103.8,139.9,147.38,0.299,0.5364,0.5833
no_exercise,105.02,103.46,139.79,147.27,0.2989,0.5378,0.5846
no_exercise,105.03,103.28,139.65,147.27,0.2989,0.5378,0.5854
no_exercise,105.45,104.69,140.27,147.27,0.2989,0.5363,0.5804
no_exercise,105.74,104.67,140.31,147.63,0.2988,0.5354,0.5805
no_exercise,105.77,104.35,140.34,147.61,0.299,0.5357,0.5813
no_exercise,105.94,105.43,140.38,147.57,0.2991,0.5352,0.5782
no_exercise,105.73,104.56,140.46,148.05,0.2993,0.536,0.5816
no_exercise,105.45,104.27,140.46,148.02,0.2994,0.5373,0.5835
no_exercise,105.55,104.33,140.47,148.01,0.2993,0.5376,0.5835
no_exercise,106.62,105.2,140.56,147.48,0.2995,0.5343,0.5806
no_exercise,107.55,105.77,140.8,147.6,0.2996,0.5326,0.5794
no_exercise,107.19,105.94,140.81,147.76,0.2996,0.5357,0.5782
no_exercise,106.7,105.96,141.06,147.79,0.3,0.5378,0.5777
no_exercise,106.51,105.53,141.01,147.75,0.3002,0.5388,0.5781
no_exercise,106.34,105.06,140.9,147.71,0.3005,0.54,0.5796
no_exercise,106.22,103.83,140.93,147.74,0.3007,0.5404,0.5817
no_exercise,106.41,103.63,140.94,148.06,0.3008,0.5396,0.5814
no_exercise,105.94,102.85,140.78,148.67,0.3009,0.5408,0.5842
no_exercise,106.28,103.4,140.67,149.05,0.301,0.5398,0.5818
no_exercise,106.32,103.94,140.59,148.84,0.3011,0.5398,0.5796
no_exercise,106.74,104.16,140.57,149.07,0.3011,0.5384,0.5787
no_exercise,106.68,104.12,140.73,148.94,0.3012,0.5384,0.5791
no_exercise,106.58,104.23,141.05,148.96,0.3012,0.5387,0.5786
no_exercise,106.76,104.17,140.82,148.65,0.3012,0.5384,0.5788
no_exercise,106.76,104.56,140.68,148.69,0.3013,0.5384,0.578
no_exercise,106.34,103.19,140.59,148.7,0.3014,0.5397,0.5831
no_exercise,106.11,103.31,140.44,148.35,0.3019,0.5405,0.5823
no_exercise,106.74,103.99,140.28,148.52,0.302,0.5389,0.5802
no_exercise,106.67,103.62,140.49,148.94,0.3021,0.5398,0.5826
no_exercise,106.82,105.56,140.93,148.95,0.3026,0.5401,0.5764
no_exercise,107.02,106.28,141.07,148.73,0.3031,0.5397,0.575
no_exercise,106.9,103.67,141.03,148.26,0.3035,0.5403,0.5835
no_exercise,105.98,103.31,140.84,148.06,0.3039,0.5431,0.5861
no_exercise,106.19,103.44,140.53,147.47,0.304,0.5422,0.5862
no_exercise,105.33,102.77,140.13,147.14,0.3037,0.5453,0.5891
no_exercise,107.45,105.47,140.33,147.77,0.3035,0.5381,0.581
no_exercise,107.41,105.61,140.26,147.95,0.3034,0.5383,0.5812
no_exercise,107.71,105.61,140.34,148.32,0.3032,0.5374,0.5812
no_exercise,107.68,105.61,140.39,148.52,0.3031,0.5375,0.5811
no_exercise,107.61,105.82,140.67,149.18,0.3028,0.5376,0.5806
no_exercise,107.7,105.71,140.78,149.25,0.3025,0.5376,0.5811
no_exercise,107.54,105.73,141.43,149.42,0.3022,0.5374,0.5812
no_exercise,107.48,105.7,141.53,149.28,0.302,0.5372,0.5813
no_exercise,107.4,105.92,141.56,149.19,0.3018,0.5373,0.5807
no_exercise,107.05,105.53,141.51,148.95,0.3014,0.5375,0.5817
no_exercise,106.69,105.77,141.64,148.75,0.3013,0.5384,0.581
no_exercise,106.71,105.77,141.61,148.56,0.3011,0.5383,0.5813
no_exercise,106.71,106.37,141.6,148.65,0.3009,0.5382,0.5802
no_exercise,106.81,106.12,141.54,148.39,0.3009,0.5373,0.5815
no_exercise,106.29,105.68,140.68,147.4,0.3009,0.5386,0.5826
no_exercise,106.6,106.03,140.85,147.92,0.3008,0.5375,0.582
no_exercise,106.35,105.23,140.82,147.79,0.3008,0.5376,0.5834
no_exercise,107.21,105.48,140.81,147.96,0.3008,0.5355,0.5828
no_exercise,107.03,105.27,140.49,147.87,0.3009,0.536,0.5833
no_exercise,107.05,105.21,140.48,147.71,0.3009,0.5366,0.5834
no_exercise,107.01,104.32,140.78,148.45,0.3009,0.5365,0.5856
no_exercise,106.92,104.12,140.81,148.44,0.3009,0.5367,0.5863
no_exercise,106.94,104.08,140.88,148.59,0.3009,0.5369,0.5861
no_exercise,106.87,103.34,141.28,149.02,0.3007,0.5371,0.5889
no_exercise,106.58,102.75,141.35,148.89,0.3006,0.5379,0.5917
no_exercise,107.02,102.76,141.13,149.04,0.3007,0.5366,0.5917
no_exercise,107.13,103.07,140.94,149.12,0.3007,0.5368,0.5902
no_exercise,107.14,103.3,141.0,149.11,0.3006,0.5369,0.5897
no_exercise,106.8,102.82,140.32,149.0,0.3007,0.5382,0.591
no_exercise,106.87,103.22,140.3,148.81,0.3006,0.5382,0.5887
no_exercise,106.48,102.29,139.76,148.48,0.3007,0.5396,0.5925
no_exercise,106.03,101.65,139.84,148.43,0.3004,0.5412,0.5977
no_exercise,106.24,101.73,139.56,148.41,0.3003,0.5407,0.5989
no_exercise,105.62,101.46,139.56,148.43,0.3002,0.5431,0.6003
no_exercise,105.94,101.18,139.23,148.2,0.3001,0.5425,0.6017
no_exercise,106.31,101.23,138.95,148.14,0.3002,0.5414,0.6006
no_exercise,105.69,100.41,138.47,147.98,0.3,0.544,0.6056
no_exercise,105.93,100.64,138.67,148.35,0.2996,0.5433,0.6036
no_exercise,104.5,101.23,139.22,149.79,0.2976,0.5492,0.6054
no_exercise,104.32,101.78,139.63,149.5,0.2969,0.5493,0.6001
no_exercise,104.97,101.06,139.3,148.8,0.297,0.5477,0.6016
no_exercise,107.14,103.52,140.1,148.74,0.2974,0.5399,0.5774
no_exercise,105.86,102.41,139.87,147.79,0.2981,0.5457,0.5761
no_exercise,105.33,99.31,139.89,148.3,0.2975,0.5503,0.5661
no_exercise,104.26,97.96,140.29,146.89,0.2978,0.5515,0.5581
no_exercise,103.75,96.62,140.5,147.23,0.298,0.5466,0.5514
no_exercise,102.72,97.11,141.1,147.93,0.2971,0.5454,0.5448
no_exercise,101.37,96.95,142.94,148.4,0.2978,0.5471,0.533
no_exercise,95.05,94.22,143.96,150.39,0.2963,0.5543,0.5109
no_exercise,92.72,93.34,144.7,150.03,0.2957,0.5472,0.5083
no_exercise,91.4,89.73,146.36,150.54,0.2946,0.5334,0.5062
no_exercise,89.81,87.9,146.12,152.52,0.2936,0.5288,0.5056
no_exercise,89.5,88.94,146.06,152.83,0.2925,0.5194,0.505
no_exercise,87.71,84.74,146.77,152.79,0.2911,0.5119,0.5061
no_exercise,87.58,84.54,145.38,152.57,0.2906,0.5102,0.5049
no_exercise,86.91,83.44,144.82,153.49,0.2888,0.5143,0.5089
no_exercise,87.75,83.06,143.84,155.35,0.2883,0.5135,0.5287
no_exercise,87.29,82.21,143.19,154.48,0.2875,0.5202,0.5338
no_exercise,87.24,81.74,143.32,155.73,0.2872,0.5218,0.5384
no_exercise,88.03,84.15,142.71,155.06,0.2875,0.5256,0.5538
no_exercise,89.56,86.43,142.66,155.52,0.2877,0.5232,0.5523
no_exercise,89.83,87.04,142.01,155.16,0.2877,0.5256,0.5572
no_exercise,89.72,87.77,141.57,154.47,0.2877,0.5339,0.5619
no_exercise,90.02,87.98,142.01,153.45,0.288,0.5355,0.5582
no_exercise,89.43,88.43,141.66,152.1,0.2881,0.5496,0.5464
no_exercise,89.55,88.44,141.67,151.59,0.2881,0.5541,0.5449
no_exercise,90.63,88.76,141.77,151.78,0.2882,0.552,0.5431
no_exercise,90.99,88.43,142.21,152.19,0.2883,0.5496,0.5449
no_exercise,91.19,88.66,142.4,151.18,0.2883,0.5495,0.5452
no_exercise,89.44,89.14,142.71,150.03,0.2903,0.5528,0.5435
no_exercise,88.21,88.77,143.5,150.31,0.2903,0.5556,0.5482
no_exercise,88.37,89.12,143.42,150.2,0.2901,0.5563,0.5485
no_exercise,87.17,89.44,143.85,150.7,0.2902,0.556,0.5457
no_exercise,86.68,89.38,143.78,150.56,0.2908,0.5602,0.5472
no_exercise,85.42,88.79,144.27,150.98,0.2913,0.5614,0.5469
no_exercise,85.66,89.18,144.15,151.09,0.2909,0.5593,0.545
no_exercise,85.84,89.17,144.15,150.87,0.2911,0.5595,0.5453
no_exercise,85.55,89.64,144.41,150.48,0.2912,0.5598,0.5423
no_exercise,85.02,90.83,144.38,150.31,0.2918,0.5631,0.5368
no_exercise,85.28,91.01,144.12,149.53,0.2923,0.5618,0.5356
no_exercise,85.29,90.86,143.68,149.09,0.2927,0.5628,0.5358
no_exercise,85.33,90.02,143.68,148.79,0.2932,0.5639,0.5389
no_exercise,85.93,90.02,143.52,148.62,0.2938,0.563,0.5393
no_exercise,85.73,89.3,143.15,147.97,0.2942,0.5647,0.544
no_exercise,85.43,90.28,143.14,147.85,0.2966,0.5642,0.5373
no_exercise,85.44,90.58,143.07,147.68,0.2976,0.5635,0.5353
no_exercise,86.14,91.0,142.84,147.6,0.2986,0.5608,0.533
no_exercise,86.04,90.87,142.64,147.2,0.299,0.5605,0.5331
no_exercise,85.98,91.31,142.29,146.78,0.2996,0.5613,0.5311
no_exercise,85.81,91.91,142.33,146.82,0.2997,0.562,0.5285
no_exercise,85.96,91.69,141.95,146.41,0.2996,0.5601,0.5293
no_exercise,85.78,91.62,141.88,146.29,0.3,0.5596,0.5296
no_exercise,85.0,91.29,141.89,146.27,0.3002,0.5631,0.5308
no_exercise,85.06,91.06,141.65,146.21,0.2999,0.5632,0.5314
no_exercise,85.46,91.06,141.73,146.55,0.3001,0.5636,0.5327
no_exercise,86.24,89.93,143.44,148.66,0.2993,0.5644,0.5471
no_exercise,87.49,90.52,143.07,149.14,0.301,0.5714,0.5555
no_exercise,92.33,99.19,131.91,156.6,0.3041,0.547,0.5565
no_exercise,92.88,102.58,130.01,155.86,0.3077,0.535,0.5726
no_exercise,99.13,114.31,133.91,155.01,0.3063,0.566,0.5995
no_exercise,100.99,117.07,136.22,160.64,0.3039,0.568,0.5947
no_exercise,102.48,117.19,133.69,145.35,0.3036,0.5724,0.6405
no_exercise,106.75,125.89,139.47,145.73,0.3009,0.5747,0.6069
no_exercise,112.85,124.36,142.1,146.56,0.3006,0.574,0.6172
no_exercise,112.23,121.64,140.84,145.84,0.301,0.5768,0.6374
no_exercise,112.77,121.69,138.97,145.93,0.301,0.5779,0.6377
no_exercise,112.8,125.11,140.93,147.51,0.3012,0.574,0.6442
no_exercise,112.81,125.16,140.87,147.45,0.3014,0.5599,0.64
no_exercise,112.11,127.81,139.6,147.0,0.302,0.5528,0.6532
no_exercise,113.14,129.51,140.84,146.93,0.3026,0.5554,0.6541
side_movement,112.69,130.01,142.17,147.08,0.3024,0.5543,0.6513
side_movement,112.64,130.73,140.81,147.18,0.3034,0.5594,0.6487
side_movement,112.46,130.81,141.56,144.93,0.3042,0.5592,0.6517
side_movement,112.43,130.43,142.38,144.15,0.3047,0.5631,0.6524
side_movement,111.13,127.77,141.59,140.34,0.3028,0.5467,0.6245
side_movement,107.79,126.85,140.36,147.61,0.301,0.5296,0.6159
side_movement,108.02,133.67,140.82,149.04,0.2996,0.5212,0.6328
side_movement,108.55,134.87,141.26,153.32,0.2996,0.5115,0.6332
side_movement,98.02,119.65,142.39,147.91,0.3075,0.5311,0.6116
side_movement,95.01,111.08,141.21,146.29,0.3135,0.5404,0.6041
side_movement,90.83,105.98,141.05,148.06,0.3289,0.5683,0.6055
side_movement,93.07,104.27,141.53,149.19,0.3329,0.5721,0.5972
side_movement,95.33,103.82,141.7,150.28,0.3337,0.5786,0.5926
side_movement,98.89,102.81,143.85,152.21,0.3198,0.5711,0.5886
side_movement,93.65,104.38,141.0,150.2,0.3323,0.5966,0.5848
side_movement,95.19,107.88,143.26,150.59,0.3126,0.5856,0.5721
side_movement,100.48,109.51,143.64,152.86,0.299,0.5806,0.5758
side_movement,97.12,99.57,135.68,146.17,0.2947,0.5947,0.6084
side_movement,110.42,118.49,136.46,147.44,0.2763,0.5974,0.7937
side_movement,113.06,129.48,138.86,151.05,0.2641,0.5978,0.8436
side_movement,116.53,130.47,139.85,149.38,0.256,0.5889,0.8109
side_movement,119.37,139.9,142.71,149.05,0.2523,0.5791,0.8934
side_movement,123.24,142.39,143.51,160.27,0.2449,0.5436,0.8798
side_movement,128.01,130.1,137.86,167.46,0.2398,0.526,0.6951
side_movement,124.85,119.25,132.61,166.35,0.236,0.5437,0.6433
side_movement,129.51,105.46,132.61,163.96,0.2395,0.5472,0.559
side_movement,133.17,106.85,133.6,166.58,0.2425,0.554,0.5589
side_movement,130.94,104.69,131.49,165.55,0.2314,0.5647,0.5435
side_movement,130.12,105.82,132.32,163.52,0.2185,0.564,0.5276
side_movement,133.62,110.0,128.98,160.57,0.2371,0.5755,0.5203
side_movement,130.88,108.85,127.21,160.19,0.2341,0.566,0.5226
side_movement,134.17,104.98,122.93,163.29,0.2562,0.5552,0.5411
side_movement,141.13,108.9,117.96,164.07,0.2922,0.5124,0.5128
side_movement,140.91,116.54,118.75,165.32,0.2874,0.5068,0.4769
side_movement,169.26,109.98,109.81,158.68,0.2919,0.3993,0.5036
side_movement,162.74,107.7,104.66,151.4,0.2979,0.5087,0.5045
side_movement,97.91,122.98,77.26,124.57,0.4131,0.5119,0.382
side_movement,138.38,125.71,69.66,96.08,0.452,0.3872,0.3879
side_movement,140.12,126.5,80.29,101.31,0.5178,0.4452,0.3966
side_movement,133.19,119.89,75.64,92.95,0.5388,0.4386,0.3819
side_movement,138.19,115.49,85.38,106.55,0.5466,0.444,0.3953
side_movement,142.63,110.34,117.31,136.91,0.52,0.4381,0.3794
side_movement,141.3,115.21,131.62,153.39,0.4963,0.445,0.3858
side_movement,146.56,107.46,143.8,162.61,0.4862,0.4341,0.3708
side_movement,148.66,106.06,143.07,164.91,0.4464,0.4285,0.3411
side_movement,146.22,106.3,144.99,167.35,0.4269,0.4215,0.3343
side_movement,156.12,119.09,134.83,144.99,0.432,0.4055,0.3741
side_movement,160.6,119.0,134.67,146.0,0.4122,0.3947,0.3626
side_movement,158.91,132.72,134.3,163.24,0.3226,0.3783,0.3685
side_movement,161.48,106.78,135.14,161.78,0.3826,0.3754,0.4269
side_movement,161.0,110.75,135.11,163.63,0.359,0.3716,0.4118
side_movement,160.44,102.45,133.85,164.6,0.3776,0.3783,0.4121
side_movement,157.37,115.44,131.7,169.12,0.3411,0.3841,0.3956
side_movement,158.35,114.08,125.5,164.84,0.3423,0.3885,0.3849
side_movement,142.94,110.74,130.6,160.81,0.2411,0.4055,0.3871
side_movement,133.23,112.22,124.45,143.85,0.19,0.3916,0.3781
side_movement,126.87,114.56,123.35,143.07,0.1757,0.3862,0.3762
side_movement,117.43,112.68,125.58,149.46,0.1568,0.392,0.3766
side_movement,110.87,110.69,134.35,156.24,0.1559,0.4139,0.4043
side_movement,103.66,111.08,133.78,157.77,0.1635,0.4314,0.4071
side_movement,102.17,113.21,137.87,157.0,0.1717,0.4316,0.4074
side_movement,94.94,134.17,136.28,157.87,0.2478,0.4197,0.3749
side_movement,100.81,144.24,132.84,156.43,0.2697,0.3991,0.3637
side_movement,103.07,144.74,128.74,145.16,0.2456,0.3867,0.37
side_movement,102.2,149.01,126.14,140.41,0.2943,0.3895,0.3763
side_movement,101.3,147.95,96.79,119.16,0.2944,0.4,0.3805
side_movement,105.99,156.1,93.83,103.56,0.3107,0.3963,0.3702
side_movement,107.23,157.77,84.0,98.2,0.317,0.3981,0.3703
side_movement,107.5,161.15,78.37,87.16,0.3528,0.3945,0.366
side_movement,106.72,161.24,86.4,92.36,0.3843,0.3927,0.3685
side_movement,105.48,168.37,83.18,107.46,0.3434,0.3903,0.3657
side_movement,97.59,166.12,82.58,108.98,0.321,0.3849,0.3685
side_movement,98.93,161.3,89.89,119.97,0.3112,0.3814,0.3695
side_movement,94.31,157.58,106.38,154.82,0.2867,0.3841,0.3687
side_movement,95.47,157.89,106.25,148.89,0.3,0.3819,0.3638
side_movement,101.19,154.69,130.17,143.11,0.2877,0.38,0.3689
side_movement,96.83,155.44,131.25,147.15,0.306,0.3897,0.3589
side_movement,93.3,147.27,121.36,148.74,0.2857,0.404,0.3679
side_movement,93.48,142.77,121.91,149.98,0.2622,0.3997,0.3793
side_movement,103.68,132.23,122.67,148.89,0.2006,0.3819,0.3705
side_movement,105.86,126.15,112.62,138.2,0.1695,0.3878,0.3622
side_movement,157.04,164.02,119.1,172.43,0.1778,0.5398,0.5416
side_movement,162.48,165.28,128.01,148.37,0.1808,0.5511,0.5603
side_movement,162.34,160.39,104.12,124.66,0.1716,0.5526,0.5011
side_movement,154.52,149.38,122.36,127.06,0.1786,0.4796,0.4915
side_movement,152.08,131.29,130.4,127.0,0.2065,0.435,0.4205
side_movement,158.58,164.94,146.41,146.37,0.2104,0.4245,0.5756
side_movement,155.63,166.77,152.85,159.9,0.2505,0.4313,0.5874
side_movement,158.05,163.68,151.47,155.06,0.268,0.4618,0.5369
side_movement,155.91,151.16,147.59,154.39,0.2685,0.4522,0.4767
side_movement,155.63,149.53,145.31,148.37,0.2574,0.4785,0.4957
side_movement,159.54,148.87,146.79,159.77,0.2779,0.5382,0.51
side_movement,161.13,146.7,147.33,160.6,0.2914,0.5392,0.4739
side_movement,162.02,144.27,147.95,162.13,0.2939,0.5465,0.5377
side_movement,162.54,148.72,150.25,162.42,0.3036,0.5361,0.533
side_movement,163.14,154.21,151.93,163.89,0.2994,0.5346,0.5927
side_movement,161.28,144.86,150.61,161.64,0.3003,0.5994,0.4899
side_movement,162.93,133.23,146.66,161.45,0.2951,0.6486,0.4143
side_movement,163.6,143.67,146.05,161.41,0.2911,0.6654,0.4555
side_movement,161.95,139.87,141.93,170.18,0.2903,0.641,0.4233
side_movement,165.63,173.06,143.86,161.91,0.2147,0.7634,0.7651
side_movement,166.6,173.87,141.5,157.63,0.1853,0.8025,0.8162
side_movement,171.03,174.29,141.4,159.04,0.1521,0.8393,0.8721
side_movement,171.45,170.68,140.59,162.15,0.1516,0.8326,0.7656
side_movement,177.8,168.92,139.58,163.97,0.1437,0.8342,0.8386
side_movement,178.02,168.58,138.08,164.65,0.1449,0.8369,0.8498
side_movement,178.32,167.47,138.73,161.12,0.1434,0.8318,0.8618
side_movement,178.31,165.66,138.93,169.14,0.1387,0.7653,0.8114
side_movement,177.52,163.77,137.86,167.34,0.1375,0.729,0.7962
side_movement,176.33,162.07,143.8,165.16,0.1366,0.7109,0.7873
side_movement,164.57,155.41,139.24,166.27,0.144,0.5467,0.7773
side_movement,157.11,152.54,135.85,157.43,0.1456,0.5182,0.7764
side_movement,151.29,151.4,132.94,156.39,0.1464,0.4934,0.7899
side_movement,149.31,150.92,132.16,157.85,0.153,0.5235,0.8052
side_movement,145.17,149.82,134.2,157.89,0.1545,0.5084,0.8018
side_movement,145.39,149.28,134.09,156.22,0.1607,0.5308,0.8116
side_movement,134.23,145.22,135.54,153.93,0.1619,0.4748,0.758
side_movement,126.0,143.42,136.48,154.43,0.1603,0.4539,0.7113
side_movement,121.47,140.64,140.0,156.93,0.1448,0.4671,0.6661
side_movement,123.14,141.37,142.79,158.1,0.1446,0.4935,0.6966
side_movement,117.51,136.28,142.55,159.09,0.144,0.4762,0.6382
side_movement,118.74,135.17,144.42,158.43,0.145,0.4937,0.6419
side_movement,95.53,128.36,148.76,159.39,0.145,0.388,0.5889
side_movement,97.21,122.53,150.31,158.45,0.1461,0.3937,0.5468
side_movement,104.56,123.6,149.55,156.05,0.1471,0.4328,0.5652
side_movement,106.56,124.4,148.37,155.78,0.1475,0.4425,0.5737
side_movement,108.08,123.88,146.78,156.5,0.1438,0.4669,0.5799
side_movement,108.3,121.03,144.98,157.45,0.1435,0.4815,0.5644
side_movement,109.92,120.69,146.17,158.37,0.1426,0.4755,0.5603
side_movement,109.09,122.11,146.05,156.61,0.1432,0.4769,0.571
side_movement,113.02,120.59,145.18,157.8,0.143,0.4961,0.5597
side_movement,112.68,119.7,145.37,157.89,0.1423,0.4906,0.556
side_movement,117.21,122.27,144.34,156.44,0.1416,0.5372,0.5792
side_movement,117.61,122.01,144.16,158.17,0.1414,0.5517,0.5765
side_movement,120.7,128.72,139.64,152.36,0.1532,0.5986,0.6423
side_movement,124.17,130.07,138.17,150.44,0.1716,0.6085,0.6546
side_movement,113.31,127.41,138.73,154.2,0.1634,0.5235,0.6386
side_movement,106.85,125.7,138.91,156.8,0.1762,0.5088,0.622
side_movement,114.73,119.3,138.09,149.32,0.2898,0.5645,0.5845
side_movement,114.33,113.46,138.29,152.75,0.3445,0.5055,0.5589
side_movement,104.1,110.53,139.07,157.64,0.3409,0.428,0.5528
side_movement,111.64,112.14,137.61,151.49,0.3286,0.2727,0.5633
side_movement,101.32,77.47,138.42,154.07,0.3074,0.5398,0.4631
side_movement,115.94,112.69,140.93,151.32,0.3111,0.2959,0.5428
side_movement,101.08,94.88,140.62,152.18,0.3369,0.314,0.467
side_movement,121.3,97.31,143.41,155.32,0.3578,0.3138,0.453
side_movement,122.72,99.74,144.94,154.8,0.3624,0.3153,0.436
side_movement,128.18,104.06,143.82,153.99,0.3492,0.3122,0.4418
side_movement,125.2,86.51,148.09,156.05,0.3433,0.3182,0.3821
side_movement,125.13,56.83,146.77,160.69,0.3723,0.3237,0.3242
side_movement,121.17,61.06,148.6,160.68,0.372,0.317,0.3162
side_movement,126.57,57.02,146.81,162.36,0.3776,0.3207,0.3089
side_movement,127.45,50.86,146.37,163.01,0.3794,0.3228,0.2986
side_movement,129.03,60.28,146.08,163.06,0.3779,0.3284,0.3097
side_movement,97.25,53.25,148.37,163.4,0.4167,0.2647,0.312
side_movement,96.94,62.31,147.3,163.66,0.413,0.2828,0.3014
side_movement,100.0,85.69,145.31,162.7,0.4369,0.3035,0.2873
side_movement,101.99,102.73,144.71,161.71,0.4608,0.3105,0.2786
side_movement,109.54,145.18,145.82,164.52,0.4906,0.3466,0.3302
side_movement,105.9,157.83,145.4,163.73,0.4905,0.3499,0.3416
side_movement,111.73,163.18,150.87,163.69,0.4691,0.3127,0.3304
side_movement,125.02,165.39,143.53,156.96,0.4665,0.3174,0.3459
side_movement,118.48,160.02,143.31,157.88,0.4445,0.3269,0.3498
side_movement,111.21,158.47,143.51,156.14,0.4306,0.3291,0.3549
side_movement,109.37,158.06,141.75,154.09,0.4336,0.33,0.3628
side_movement,106.93,158.52,143.1,153.65,0.429,0.3368,0.3619
side_movement,108.41,159.97,141.3,155.44,0.4223,0.3377,0.362
side_movement,98.82,156.87,139.29,146.88,0.3614,0.3932,0.3941
side_movement,97.76,157.73,140.3,147.54,0.3851,0.3887,0.393
side_movement,97.73,158.11,140.94,147.45,0.3885,0.3913,0.3949
side_movement,94.28,145.5,127.11,140.57,0.2725,0.4237,0.523
side_movement,95.3,146.73,136.76,154.22,0.2882,0.4064,0.6528
side_movement,89.74,143.19,141.92,151.65,0.266,0.4169,0.6445
side_movement,77.55,142.82,142.5,149.84,0.276,0.4195,0.6885
side_movement,77.69,136.06,141.74,151.82,0.2607,0.3891,0.6448
side_movement,85.77,126.92,141.39,148.69,0.2245,0.418,0.6981
side_movement,89.57,126.18,143.46,155.89,0.1972,0.4287,0.7112
side_movement,109.42,124.22,140.09,158.56,0.1839,0.5618,0.7329
side_movement,118.75,117.07,144.71,161.94,0.1954,0.6836,0.6631
side_movement,120.29,116.07,146.49,161.29,0.2045,0.715,0.6673
side_movement,121.38,117.48,147.17,163.55,0.2096,0.7186,0.678
side_movement,118.16,120.76,146.3,165.3,0.2141,0.6876,0.7023
side_movement,118.06,120.62,146.59,166.49,0.2604,0.7018,0.6791
side_movement,109.41,117.76,144.86,165.98,0.2486,0.6874,0.6445
side_movement,95.7,87.24,145.09,165.53,0.3016,0.6296,0.4718
side_movement,91.51,96.23,144.35,162.33,0.2973,0.6139,0.5249
side_movement,102.75,108.96,143.49,165.9,0.2844,0.6619,0.5985
side_movement,109.52,90.89,140.92,161.56,0.308,0.6743,0.5193
side_movement,107.47,72.53,140.85,158.28,0.3287,0.6519,0.445
side_movement,95.91,100.24,142.75,162.14,0.4255,0.5777,0.5456
side_movement,95.78,110.3,146.49,163.96,0.4743,0.5134,0.624
side_movement,103.79,121.84,150.48,168.82,0.4517,0.4866,0.6256
side_movement,110.46,130.16,146.49,173.27,0.4655,0.4918,0.6576
side_movement,112.11,121.41,127.68,141.7,0.5271,0.5186,0.5049
side_movement,135.8,129.0,127.99,167.12,0.5753,0.4845,0.4432
side_movement,148.34,115.22,117.75,143.29,0.5697,0.4378,0.4211
side_movement,142.12,105.43,130.23,169.84,0.5745,0.4461,0.4226
side_movement,150.33,114.75,137.27,171.88,0.5735,0.4401,0.4061
side_movement,150.94,112.85,138.84,175.33,0.5657,0.4534,0.4081
side_movement,147.33,110.3,129.53,170.37,0.6017,0.4726,0.4424
side_movement,142.8,111.16,134.49,171.85,0.5846,0.4764,0.4515
side_movement,136.61,109.47,134.28,171.9,0.5875,0.4697,0.4473
side_movement,128.1,108.99,118.8,159.57,0.6097,0.5058,0.4603
side_movement,121.86,112.46,107.24,138.48,0.6117,0.5352,0.4621
side_movement,114.51,119.44,118.02,145.88,0.6079,0.5649,0.5758
side_movement,105.18,140.45,140.09,163.93,0.6358,0.5985,0.7376
side_movement,96.31,135.01,139.81,168.94,0.6508,0.6213,0.767
side_movement,98.47,117.0,148.15,163.47,0.5417,0.7172,0.7295
side_movement,103.93,87.96,148.68,162.4,0.5336,0.8135,0.652
side_movement,95.05,94.67,146.52,164.16,0.5412,0.7462,0.6831
side_movement,79.82,108.37,144.38,164.37,0.5289,0.7122,0.788
side_movement,83.38,100.89,143.37,160.34,0.4945,0.7147,0.7517
side_movement,91.88,82.97,140.35,158.83,0.4467,0.8165,0.6685
side_movement,95.26,98.58,138.37,164.04,0.4044,0.8607,0.7673
side_movement,106.17,109.87,138.18,164.58,0.3833,0.9968,0.8855
side_movement,111.92,119.67,138.07,164.09,0.3698,1.0373,1.0377
side_movement,106.37,114.73,135.67,167.74,0.3392,0.9616,0.9823
side_movement,105.75,116.07,138.59,164.78,0.3258,0.9563,1.006
side_movement,103.94,113.18,139.89,164.4,0.334,0.9388,0.9732
side_movement,101.93,113.11,141.13,165.76,0.3317,0.9131,0.9784
side_movement,98.09,112.34,139.82,165.89,0.3281,0.8731,0.9803
side_movement,94.72,111.64,138.2,165.98,0.3429,0.8454,0.9698
side_movement,91.94,113.86,137.97,164.15,0.3435,0.8464,0.9556
side_movement,91.99,113.96,138.02,165.61,0.3488,0.8438,0.9719
side_movement,90.69,115.18,135.94,166.36,0.3477,0.8403,0.9954
side_movement,87.36,109.75,136.83,165.62,0.3781,0.8284,0.9497
side_movement,81.95,72.35,133.7,162.86,0.412,0.8076,0.678
side_movement,56.73,34.51,136.63,160.57,0.5579,0.6865,0.5586
side_movement,45.68,34.17,139.55,160.89,0.5616,0.6307,0.5179
side_movement,44.36,40.83,140.46,161.09,0.5702,0.6118,0.5381
side_movement,37.54,102.06,143.36,169.24,0.6787,0.5722,0.6856
side_movement,41.96,48.06,143.44,175.27,0.6336,0.5271,0.3911
side_movement,36.82,104.44,148.01,169.66,0.6029,0.5281,0.3981
side_movement,74.5,122.52,160.89,169.09,0.5744,0.5565,0.4909
side_movement,77.62,120.85,163.57,168.21,0.5653,0.5626,0.5347
side_movement,93.51,124.63,168.73,168.49,0.5082,0.6115,0.585
side_movement,95.87,131.12,170.85,168.78,0.4429,0.5916,0.6096
side_movement,102.67,131.47,164.74,167.78,0.2713,0.5721,0.5977
side_movement,118.42,135.22,161.62,166.1,0.218,0.5922,0.64
side_movement,125.68,143.08,159.84,165.38,0.2149,0.6215,0.6441
side_movement,146.33,100.31,158.18,165.25,0.0771,0.3866,0.3173
side_movement,118.34,122.3,159.68,165.55,0.2042,0.3807,0.392
side_movement,138.6,132.16,166.9,177.42,0.3671,0.3471,0.6695
side_movement,129.75,127.55,166.54,176.46,0.314,0.366,0.6833
side_movement,84.61,101.76,170.72,173.69,0.5253,0.3956,0.5869
side_movement,84.22,83.12,160.63,168.01,0.5612,0.3691,0.5439
side_movement,96.16,72.19,159.72,172.29,0.5575,0.3953,0.43
side_movement,94.65,96.59,158.38,172.02,0.5605,0.3831,0.4771
side_movement,95.53,107.65,156.68,173.37,0.5754,0.3756,0.5588
side_movement,101.6,100.07,147.94,162.73,0.6016,0.3768,0.5522
side_movement,93.89,102.12,146.64,166.3,0.589,0.4033,0.5739
side_movement,96.28,96.13,143.91,164.65,0.5667,0.4332,0.5877
side_movement,95.83,91.9,144.53,165.42,0.5421,0.423,0.5909
side_movement,95.59,86.55,142.91,165.54,0.5221,0.4467,0.5616
side_movement,96.39,86.66,140.18,162.0,0.4664,0.4454,0.5491
side_movement,94.43,91.39,136.2,160.24,0.4485,0.4658,0.5537
side_movement,102.51,128.37,130.65,147.57,0.5405,0.4814,0.5314
side_movement,103.86,137.22,135.71,150.29,0.5284,0.4546,0.5221
side_movement,95.24,140.71,145.56,156.51,0.5027,0.472,0.5385
side_movement,97.59,141.44,146.45,157.79,0.5031,0.4575,0.5338
side_movement,102.0,144.1,149.28,158.28,0.517,0.5102,0.5851
side_movement,105.0,144.78,147.24,159.76,0.5266,0.5638,0.592
side_movement,117.25,141.34,143.91,156.84,0.5431,0.5613,0.5653
side_movement,136.24,145.5,144.12,138.45,0.5189,0.3504,0.5267
side_movement,120.0,141.9,140.09,140.04,0.4934,0.3909,0.4684
side_movement,131.91,142.41,131.57,131.11,0.3715,0.3795,0.4799
side_movement,139.4,135.13,131.67,129.87,0.3131,0.3866,0.4985
side_movement,144.01,129.44,133.03,131.91,0.2508,0.3688,0.4668
side_movement,157.26,123.8,131.39,132.0,0.2221,0.4801,0.4741
side_movement,164.58,115.71,129.57,132.43,0.2119,0.5299,0.4882
side_movement,160.88,110.53,127.23,131.54,0.2107,0.5225,0.4948
side_movement,158.53,121.06,129.96,140.4,0.2129,0.5298,0.4849
side_movement,148.98,127.99,129.56,139.25,0.2314,0.4799,0.5302
side_movement,147.66,118.82,127.29,141.13,0.2402,0.4817,0.5191
side_movement,157.77,127.58,130.37,139.26,0.2633,0.4121,0.4961
side_movement,136.4,133.94,132.73,135.58,0.2987,0.377,0.5029
side_movement,114.13,135.02,132.92,136.82,0.3018,0.5189,0.4812
side_movement,126.73,137.24,136.0,140.64,0.3115,0.5239,0.4862
side_movement,141.57,135.29,139.89,154.28,0.2734,0.7107,0.5251
side_movement,118.25,118.84,137.17,150.27,0.2579,0.5724,0.507
side_movement,114.6,116.33,136.62,149.53,0.2445,0.5716,0.4999
side_movement,111.11,123.42,141.11,151.48,0.2494,0.491,0.4804
side_movement,111.78,120.2,140.46,152.63,0.2419,0.507,0.4849
side_movement,108.02,119.97,139.34,152.25,0.2382,0.5356,0.4956
side_movement,97.44,119.17,137.96,152.73,0.245,0.5268,0.5042
side_movement,138.96,119.86,142.59,148.61,0.2356,0.74,0.4685
side_movement,138.16,132.99,143.19,150.82,0.2378,0.5828,0.4338
side_movement,123.38,143.48,138.59,143.17,0.3139,0.367,0.4794
side_movement,112.6,134.13,134.98,144.93,0.2955,0.4637,0.4924
side_movement,125.31,131.63,133.47,142.06,0.2914,0.4796,0.5031
side_movement,128.97,129.84,131.76,142.11,0.2831,0.488,0.4993
side_movement,129.83,128.53,130.18,141.95,0.2768,0.5,0.4943
side_movement,139.28,131.64,131.39,139.02,0.3045,0.5091,0.4928
side_movement,139.85,132.79,131.87,138.59,0.3149,0.5044,0.4909
side_movement,138.78,133.15,131.17,138.97,0.325,0.4991,0.4952
side_movement,133.94,138.71,131.2,137.6,0.332,0.4715,0.4892
side_movement,105.78,122.86,133.56,141.22,0.308,0.4165,0.5229
side_movement,98.51,119.64,134.21,141.89,0.292,0.4519,0.45
side_movement,124.77,110.35,136.34,146.46,0.2349,0.7122,0.4408
side_movement,108.13,112.19,135.33,146.85,0.2394,0.5466,0.4733
side_movement,105.54,106.22,132.3,144.05,0.2331,0.562,0.5467
side_movement,114.38,112.81,131.58,146.36,0.2314,0.5609,0.5369
side_movement,115.81,115.16,132.17,145.85,0.231,0.5631,0.5355
side_movement,113.98,121.2,136.11,146.51,0.23,0.5317,0.5376
side_movement,117.14,123.39,137.08,148.18,0.2265,0.5009,0.5309
side_movement,116.69,118.71,137.7,148.4,0.2289,0.4928,0.543
side_movement,119.61,120.7,138.22,146.68,0.2234,0.4982,0.5287
side_movement,118.04,118.08,134.58,143.86,0.2249,0.5035,0.5236
side_movement,119.9,119.98,135.36,152.84,0.2303,0.5067,0.5076
side_movement,124.18,119.89,137.69,156.79,0.229,0.4986,0.4921
side_movement,122.12,106.37,132.8,151.68,0.244,0.5611,0.4966
side_movement,126.03,108.72,133.41,152.2,0.2414,0.5302,0.437
side_movement,128.8,122.63,135.0,151.07,0.2412,0.5871,0.4412
side_movement,137.59,144.1,142.27,157.99,0.2263,0.5469,0.4406
side_movement,131.89,144.26,141.07,169.9,0.2337,0.563,0.4329
side_movement,149.48,154.33,141.51,167.25,0.24,0.5246,0.4183
side_movement,143.8,161.92,140.38,165.9,0.2414,0.5313,0.4292
side_movement,138.9,161.5,143.08,166.78,0.2363,0.5248,0.4512
side_movement,141.76,171.44,132.06,153.07,0.236,0.5177,0.4619
side_movement,140.23,166.07,131.91,162.81,0.2365,0.5194,0.4712
side_movement,136.37,164.58,135.18,156.22,0.2318,0.5568,0.4706
side_movement,135.93,165.8,139.55,158.06,0.2296,0.5582,0.4665
side_movement,128.79,165.01,140.72,158.76,0.2267,0.574,0.4691
side_movement,130.71,163.92,139.59,160.91,0.2269,0.566,0.4607
side_movement,133.93,164.76,139.62,166.78,0.2265,0.5228,0.424
side_movement,125.55,140.67,132.83,157.38,0.2293,0.5522,0.4518
side_movement,123.53,137.56,124.26,155.24,0.2409,0.5508,0.488
side_movement,118.13,152.33,141.85,161.36,0.2807,0.5346,0.7022
side_movement,82.12,150.88,141.9,160.72,0.2266,0.6157,0.5062
side_movement,98.67,134.56,137.84,164.09,0.2172,0.5165,0.4741
side_movement,110.3,125.62,135.75,161.72,0.224,0.4826,0.4678
side_movement,112.4,121.12,133.8,160.95,0.2197,0.478,0.4769
side_movement,109.11,131.74,135.13,157.88,0.2133,0.5264,0.4583
side_movement,113.82,126.28,138.79,151.79,0.2402,0.5029,0.5042
side_movement,122.33,128.03,141.29,152.2,0.2183,0.4646,0.5844
side_movement,121.3,134.82,137.69,154.75,0.2126,0.4754,0.6216
side_movement,115.44,124.79,130.39,152.26,0.2058,0.4888,0.6255
side_movement,114.97,123.47,134.87,155.01,0.2129,0.4844,0.5427
side_movement,123.25,151.95,141.3,155.06,0.2217,0.5032,0.7089
side_movement,127.3,153.66,143.21,156.28,0.2229,0.5128,0.6732
side_movement,124.74,164.24,146.37,152.77,0.2193,0.5639,0.5021
side_movement,115.96,152.94,149.54,148.69,0.2248,0.5728,0.4809
side_movement,116.07,153.25,147.67,150.12,0.2267,0.5414,0.4793
side_movement,115.92,153.56,147.85,152.4,0.2234,0.5506,0.4692
side_movement,130.17,151.46,147.76,155.85,0.2232,0.5164,0.4628
side_movement,132.74,153.09,147.45,156.99,0.2223,0.5159,0.4539
side_movement,128.75,155.45,147.52,155.79,0.2214,0.54,0.4594
side_movement,125.25,151.39,148.37,154.4,0.2217,0.5679,0.4619
side_movement,120.41,148.85,154.97,152.69,0.2284,0.5304,0.4339
side_movement,119.69,147.73,156.23,152.74,0.2298,0.5193,0.4259
side_movement,129.16,155.04,156.18,158.47,0.2365,0.4816,0.3936
side_movement,124.14,141.12,151.81,157.36,0.2361,0.505,0.4547
side_movement,126.37,131.91,154.23,159.54,0.2318,0.5157,0.4532
side_movement,125.58,129.57,151.91,157.44,0.2299,0.4855,0.5668
side_movement,127.05,124.43,138.35,158.86,0.2266,0.4843,0.5136
side_movement,120.93,125.4,137.12,154.58,0.2251,0.4988,0.5107
side_movement,105.06,108.61,133.6,148.37,0.2176,0.5497,0.5195
side_movement,99.51,95.55,135.26,145.33,0.2163,0.5748,0.5528
side_movement,99.63,92.58,137.43,145.63,0.2238,0.5702,0.5454
side_movement,104.64,103.03,138.87,147.2,0.22,0.5555,0.5276
side_movement,110.5,105.9,138.25,146.43,0.2335,0.5408,0.5156
side_movement,108.6,108.72,138.02,145.71,0.2308,0.5486,0.5155
side_movement,109.99,106.93,133.93,143.04,0.2273,0.5624,0.5294
side_movement,113.4,101.03,135.79,143.27,0.219,0.5599,0.5176
side_movement,110.36,105.12,134.5,143.09,0.2203,0.5713,0.5187
side_movement,110.24,105.87,135.09,149.98,0.2185,0.5603,0.5072
side_movement,124.4,122.75,140.27,165.43,0.221,0.5227,0.4847
side_movement,114.45,121.07,127.18,168.85,0.2222,0.5828,0.5762
side_movement,109.7,110.12,130.9,165.5,0.2081,0.5842,0.5871
side_movement,109.39,107.47,131.42,161.92,0.2104,0.5633,0.6475
side_movement,107.79,104.12,129.7,158.65,0.2038,0.5483,0.7027
side_movement,101.03,103.75,135.18,163.5,0.203,0.5352,0.6963
side_movement,80.23,109.06,133.44,168.12,0.2198,0.5221,0.7117
side_movement,76.46,105.4,132.54,168.55,0.218,0.5143,0.6901
side_movement,75.95,104.58,133.29,168.53,0.2115,0.5283,0.6996
side_movement,78.82,100.15,132.59,170.5,0.2109,0.5193,0.6924
side_movement,78.85,100.7,131.28,164.76,0.2168,0.5265,0.7564
side_movement,87.77,108.91,130.45,161.74,0.223,0.5672,0.8252
side_movement,80.11,106.38,131.03,161.24,0.2236,0.5486,0.786
side_movement,101.08,114.53,133.61,156.98,0.2195,0.6567,0.8559
side_movement,135.67,123.1,134.6,149.07,0.2061,0.9438,0.9596
side_movement,141.53,128.17,134.35,147.28,0.2072,0.9669,0.9708
side_movement,140.2,126.93,136.24,150.06,0.2077,0.9245,0.9181
side_movement,137.0,130.54,140.55,152.87,0.207,0.8424,0.9373
side_movement,126.8,130.73,142.42,155.64,0.2074,0.8215,0.9296
side_movement,131.19,133.03,143.33,156.91,0.2058,0.8091,0.9219
side_movement,143.42,138.23,144.33,156.35,0.199,0.7486,0.8989
side_movement,135.2,138.76,143.91,156.11,0.197,0.6805,0.8654
side_movement,126.03,135.48,141.24,151.29,0.1985,0.6366,0.8619
side_movement,120.21,128.15,142.46,153.49,0.2038,0.6435,0.8644
side_movement,111.13,110.81,137.76,150.29,0.2038,0.5016,0.5013
side_movement,109.21,105.98,136.04,145.57,0.2079,0.524,0.5214
side_movement,110.33,107.75,136.15,145.96,0.2103,0.5175,0.5228
side_movement,111.01,114.86,137.25,145.55,0.2117,0.509,0.4859
side_movement,109.43,117.12,138.83,144.88,0.2134,0.5117,0.4898
side_movement,110.72,111.12,132.73,146.06,0.2134,0.526,0.492
side_movement,112.62,110.34,131.57,146.53,0.2135,0.5209,0.4914
side_movement,114.41,110.23,132.67,145.3,0.2135,0.5113,0.4888
side_movement,111.65,109.95,131.27,150.62,0.2142,0.4989,0.4938
side_movement,114.54,108.27,128.7,151.9,0.2197,0.4857,0.5057
side_movement,135.76,119.2,136.62,169.76,0.3051,0.4811,0.4844
side_movement,147.19,130.93,137.64,178.04,0.2849,0.457,0.4367
side_movement,146.76,123.59,137.88,173.56,0.3169,0.4596,0.4341
side_movement,146.33,123.71,136.13,163.38,0.3212,0.4455,0.4211
side_movement,141.22,131.12,138.13,164.25,0.3327,0.4472,0.4649
side_movement,146.71,149.73,134.4,167.43,0.4157,0.5171,0.7598
side_movement,148.48,152.75,138.68,165.13,0.4159,0.4881,0.7889
side_movement,146.6,148.69,139.95,165.74,0.4339,0.4936,0.7227
side_movement,146.13,145.23,140.82,166.75,0.4344,0.4864,0.6826
side_movement,143.32,143.93,140.63,168.25,0.4922,0.4859,0.7178
side_movement,148.79,140.32,142.88,173.97,0.4832,0.4735,0.6746
side_movement,144.35,128.94,141.92,174.6,0.4816,0.4714,0.537
side_movement,150.17,117.42,139.8,174.93,0.4475,0.4667,0.3894
side_movement,160.79,130.31,131.0,175.11,0.4084,0.4508,0.4518
side_movement,157.29,128.09,133.05,176.59,0.3312,0.4742,0.47
side_movement,151.84,121.5,121.46,147.92,0.3092,0.4923,0.5148
side_movement,154.41,127.51,89.15,112.54,0.2954,0.4954,0.494
side_movement,149.31,122.0,112.14,126.26,0.2621,0.4908,0.4836
side_movement,117.0,112.18,129.33,135.88,0.2088,0.5083,0.4955
side_movement,103.78,115.67,129.17,149.14,0.222,0.53,0.4975
side_movement,101.45,115.75,132.53,148.42,0.2312,0.548,0.4955
side_movement,99.56,118.15,133.78,151.77,0.2595,0.5571,0.5012
side_movement,102.18,124.02,134.02,153.71,0.2934,0.5616,0.4926
side_movement,117.29,135.78,129.17,162.56,0.3858,0.5228,0.5188
side_movement,125.31,134.44,123.85,137.96,0.3832,0.4732,0.5598
side_movement,132.61,128.59,125.58,152.36,0.4144,0.4962,0.5638
side_movement,126.69,135.86,131.88,146.81,0.3894,0.4403,0.5988
side_movement,126.78,136.61,133.54,148.98,0.3882,0.4431,0.5935
side_movement,131.87,133.31,132.14,149.21,0.4187,0.4744,0.5824
side_movement,139.42,132.21,131.82,149.07,0.4331,0.498,0.5803
side_movement,127.36,132.09,130.94,151.37,0.4215,0.5004,0.5469
side_movement,126.06,134.16,127.19,153.34,0.4209,0.557,0.5571
side_movement,126.26,135.65,129.6,153.97,0.3449,0.5377,0.5017
side_movement,118.47,131.32,134.52,163.12,0.2727,0.5016,0.4776
side_movement,111.72,133.03,132.02,156.83,0.2641,0.4347,0.4761
side_movement,111.67,129.22,135.55,151.48,0.2299,0.4327,0.4689
side_movement,118.17,135.76,136.74,151.13,0.2153,0.4338,0.4538
side_movement,143.43,129.61,138.72,150.55,0.1994,0.4131,0.4551
side_movement,156.59,118.68,137.69,155.27,0.3575,0.4289,0.4956
side_movement,151.91,121.6,135.19,158.02,0.3693,0.4376,0.4813
side_movement,148.75,123.19,136.14,158.92,0.3577,0.4628,0.4789
side_movement,143.63,129.73,137.72,160.87,0.3521,0.4651,0.5008
side_movement,143.77,126.34,139.72,161.42,0.3801,0.4577,0.5107
side_movement,141.09,124.51,140.58,158.54,0.3845,0.4511,0.4956
side_movement,145.81,116.33,137.31,161.09,0.4574,0.454,0.4855
side_movement,149.65,119.38,137.65,160.75,0.4152,0.4522,0.492
side_movement,152.02,119.82,137.2,159.64,0.3867,0.461,0.4857
side_movement,136.49,120.06,136.47,146.94,0.2835,0.4884,0.4946
side_movement,129.62,111.96,130.12,141.74,0.2407,0.5074,0.511
side_movement,120.4,109.38,127.6,141.79,0.2292,0.5285,0.5221
side_movement,107.94,102.87,129.2,147.22,0.2155,0.5336,0.4998
side_movement,104.91,98.97,130.33,148.13,0.2148,0.5165,0.4732
side_movement,105.24,100.45,131.58,149.01,0.2145,0.5061,0.4571
side_movement,101.38,97.8,133.21,150.2,0.2149,0.5077,0.465
side_movement,106.17,102.29,131.98,150.25,0.2258,0.4757,0.4433
side_movement,115.99,131.33,141.05,148.56,0.2198,0.4043,0.3573
side_movement,97.91,119.08,139.39,153.05,0.2143,0.3908,0.3464
side_movement,90.46,106.41,145.73,152.94,0.2137,0.3313,0.3303
side_movement,74.76,88.72,143.68,154.54,0.2097,0.3315,0.3535
side_movement,87.16,96.11,140.95,154.28,0.2153,0.3212,0.3342
side_movement,120.19,115.03,141.66,157.81,0.2178,0.3095,0.3341
side_movement,118.08,126.21,141.08,154.26,0.2199,0.3599,0.3564
side_movement,129.18,128.83,139.53,151.24,0.218,0.3499,0.3692
side_movement,80.09,112.29,136.98,153.26,0.2159,0.3694,0.4296
side_movement,114.73,112.2,131.37,146.17,0.2211,0.4807,0.5133
side_movement,113.35,113.51,132.12,154.63,0.2212,0.4804,0.4981
side_movement,109.88,111.45,133.92,155.26,0.2183,0.4951,0.5043
side_movement,126.52,127.79,135.5,154.92,0.2245,0.5065,0.5269
side_movement,125.33,130.92,138.71,155.31,0.2267,0.505,0.518
side_movement,131.45,134.94,138.8,156.27,0.2263,0.5031,0.5161
side_movement,127.18,132.89,137.61,155.4,0.2276,0.5308,0.5293
side_movement,122.55,128.05,138.92,155.2,0.2277,0.5088,0.52
side_movement,125.91,125.98,139.03,155.96,0.2293,0.491,0.515
side_movement,118.65,119.49,137.46,155.46,0.229,0.5074,0.5294
side_movement,101.51,106.27,133.44,146.19,0.2323,0.5249,0.5485
side_movement,130.18,122.57,131.12,149.16,0.234,0.5028,0.4947
side_movement,132.39,123.07,130.25,156.31,0.2279,0.5052,0.5335
side_movement,132.23,122.95,128.21,153.82,0.2304,0.5281,0.5567
side_movement,128.62,118.68,131.21,150.32,0.2353,0.5772,0.5565
side_movement,123.7,115.23,128.32,138.18,0.2239,0.605,0.5589
side_movement,117.14,112.75,124.06,137.41,0.2177,0.6198,0.5605
side_movement,122.52,115.54,118.44,124.37,0.2161,0.5483,0.5152
side_movement,130.95,125.11,116.08,125.05,0.2131,0.5362,0.5091
side_movement,138.97,130.17,82.15,92.17,0.2146,0.5365,0.4933
side_movement,112.86,100.86,74.41,118.57,0.2136,0.5235,0.5207
side_movement,112.4,103.15,114.58,124.16,0.2147,0.5083,0.5178
side_movement,111.29,101.64,123.22,132.35,0.2166,0.5074,0.5353
side_movement,127.09,111.91,133.35,149.45,0.2184,0.492,0.5262
side_movement,125.4,113.01,132.99,150.71,0.2196,0.4988,0.5313
side_movement,120.71,112.53,133.25,150.42,0.2203,0.4885,0.5294
side_movement,108.4,110.54,131.7,153.22,0.2204,0.4969,0.5138
side_movement,100.24,101.52,134.8,150.44,0.221,0.4934,0.5281
side_movement,101.13,106.43,138.52,148.64,0.2233,0.4904,0.5102
side_movement,101.55,105.14,135.77,150.08,0.2234,0.4853,0.5276
side_movement,118.03,115.45,138.48,148.52,0.2225,0.622,0.5054
side_movement,107.75,105.73,137.1,148.43,0.2207,0.551,0.4214
side_movement,121.66,109.47,136.68,147.5,0.2194,0.6656,0.6343
side_movement,124.94,115.39,140.33,151.46,0.2196,0.6699,0.6903
side_movement,119.16,116.41,141.27,154.03,0.2202,0.6291,0.6983
side_movement,119.19,120.8,139.83,152.28,0.2181,0.6838,0.7813
side_movement,119.53,114.51,139.74,151.23,0.2174,0.6754,0.654
side_movement,118.19,135.25,138.94,152.04,0.2268,0.464,0.4627
side_movement,119.88,128.59,139.96,148.85,0.2322,0.4706,0.4917
side_movement,125.34,124.03,139.37,148.97,0.2291,0.4668,0.4936
side_movement,119.17,122.64,130.25,150.72,0.2239,0.4658,0.5041
side_movement,118.86,118.56,132.41,152.3,0.2369,0.4877,0.5157
side_movement,124.66,126.91,139.48,152.88,0.2243,0.4765,0.5177
side_movement,126.25,130.39,141.0,153.69,0.2213,0.4789,0.5184
side_movement,125.56,129.33,144.79,154.34,0.2202,0.477,0.5195
side_movement,124.96,130.34,139.18,156.46,0.2216,0.4851,0.5208
side_movement,124.47,122.42,133.73,156.01,0.2237,0.4989,0.5185
side_movement,135.7,121.61,123.44,109.61,0.2254,0.4679,0.4616
side_movement,145.17,133.0,63.19,87.46,0.2116,0.5062,0.4648
side_movement,145.4,127.82,60.73,77.76,0.2055,0.4977,0.4952
side_movement,139.98,129.71,70.88,90.61,0.2014,0.5097,0.5114
side_movement,139.01,129.95,60.39,92.73,0.2006,0.5292,0.5397
side_movement,139.35,127.91,70.73,91.28,0.1973,0.5322,0.5313
side_movement,140.29,129.34,102.53,99.9,0.1951,0.4907,0.4774
side_movement,141.24,133.49,103.29,103.47,0.1954,0.5,0.4737
side_movement,143.81,132.6,106.06,94.03,0.1989,0.4918,0.4608
side_movement,140.48,125.12,117.27,89.38,0.213,0.4319,0.439
side_movement,134.28,120.51,134.6,136.59,0.2067,0.4433,0.4554
side_movement,142.44,127.83,135.2,165.94,0.2356,0.433,0.4742
side_movement,135.41,122.3,141.15,160.87,0.2258,0.4471,0.4831
side_movement,140.16,126.66,142.63,156.03,0.2161,0.432,0.482
side_movement,139.0,130.06,143.13,157.5,0.2149,0.4258,0.4811
side_movement,136.59,129.2,139.54,161.78,0.2151,0.4221,0.4781
side_movement,131.31,126.42,136.62,164.27,0.2177,0.43,0.4729
side_movement,133.42,126.47,144.82,157.8,0.2176,0.4238,0.4668
side_movement,124.62,118.5,154.18,161.46,0.2276,0.4515,0.4748
side_movement,112.8,113.75,140.14,154.89,0.223,0.4432,0.479
side_movement,122.17,116.66,141.24,153.38,0.2172,0.4357,0.4707
side_movement,124.48,116.12,140.19,149.75,0.2149,0.4263,0.4814
side_movement,108.22,103.12,136.94,150.2,0.2165,0.472,0.5212
side_movement,101.86,101.86,134.56,148.57,0.2196,0.528,0.5107
side_movement,98.88,99.22,137.19,149.97,0.2173,0.5017,0.5249
side_movement,100.14,98.75,134.61,148.59,0.2188,0.4778,0.5288
side_movement,101.35,99.12,136.61,149.81,0.2214,0.5028,0.5376
side_movement,102.15,96.57,136.61,149.24,0.2209,0.5077,0.5231
side_movement,113.68,101.87,128.63,147.73,0.2254,0.5316,0.5427
side_movement,122.69,107.94,125.74,149.11,0.232,0.5141,0.5471
side_movement,123.15,106.47,128.54,154.54,0.2298,0.504,0.5357
side_movement,130.33,116.72,142.41,155.84,0.2283,0.5285,0.5106
side_movement,117.46,106.95,146.1,154.9,0.2238,0.5466,0.4981
side_movement,106.32,102.1,138.19,153.38,0.2327,0.571,0.5917
side_movement,99.23,129.11,138.0,149.65,0.223,0.546,0.8027
side_movement,100.27,121.21,135.53,150.86,0.226,0.5424,0.7774
side_movement,108.0,114.79,143.16,153.37,0.2277,0.5678,0.8048
side_movement,118.66,118.59,147.07,159.2,0.2476,0.7924,0.9354
side_movement,115.21,116.04,141.36,161.52,0.2559,0.8133,0.9449
side_movement,111.4,112.07,141.85,162.18,0.2554,0.8351,0.9246
side_movement,104.21,109.78,141.67,168.52,0.2531,0.8185,0.9125
side_movement,107.59,110.22,135.38,166.62,0.2668,0.911,0.9732
side_movement,102.3,108.88,140.89,166.9,0.2642,0.8876,0.9984
side_movement,99.78,108.71,140.24,166.7,0.2653,0.8911,1.0221
side_movement,101.04,111.14,135.57,162.81,0.2798,0.9581,1.1087
side_movement,96.64,109.75,136.47,163.12,0.2853,0.9474,1.1128
side_movement,91.65,109.23,137.26,163.01,0.2888,0.9347,1.1237
side_movement,93.02,106.27,138.34,166.64,0.2854,0.9839,1.107
side_movement,86.53,100.7,143.17,163.29,0.2561,0.9127,1.0255
side_movement,85.07,95.1,135.64,156.27,0.2625,0.9274,0.9986
side_movement,85.36,93.65,134.41,149.77,0.2609,0.9518,1.0178
side_movement,78.49,85.2,137.34,152.0,0.2539,0.8864,0.9776
side_movement,74.66,84.4,138.43,152.3,0.2532,0.8077,0.9069
side_movement,77.4,85.67,136.73,153.13,0.2521,0.8096,0.8849
side_movement,82.88,86.21,136.49,155.21,0.2513,0.8408,0.8747
side_movement,88.88,88.66,135.96,154.62,0.2488,0.8783,0.898
side_movement,92.16,103.27,137.33,157.69,0.2748,0.913,1.0242
side_movement,88.62,102.48,141.59,162.06,0.284,0.9104,1.0235
side_movement,92.22,101.84,144.65,168.06,0.2972,0.9476,1.0142
side_movement,96.42,105.31,145.5,163.56,0.2955,1.0073,1.0538
side_movement,100.88,104.78,144.03,162.76,0.2929,1.0311,1.0743
side_movement,104.22,107.09,143.95,165.31,0.2905,1.028,1.1121
side_movement,107.78,110.57,142.21,161.88,0.2977,1.0335,1.1664
side_movement,108.35,111.58,140.98,163.34,0.3033,1.0109,1.1536
side_movement,108.29,114.81,141.64,164.85,0.3005,0.9868,1.1495
side_movement,111.23,114.19,142.21,164.27,0.2879,0.9632,1.1394
side_movement,99.92,112.97,141.55,165.57,0.2895,0.8347,1.0721
side_movement,97.64,111.44,142.18,164.26,0.2854,0.7845,1.0317
side_movement,100.95,113.83,142.6,160.87,0.2874,0.759,0.995
side_movement,103.46,117.77,142.91,159.55,0.2896,0.7447,0.9811
side_movement,109.16,119.39,142.09,158.6,0.2888,0.7502,0.9427
side_movement,112.67,121.66,142.21,156.69,0.2881,0.7685,0.9179
side_movement,120.13,126.19,142.86,158.35,0.2832,0.7918,0.9346
side_movement,116.9,127.68,137.88,159.12,0.278,0.555,0.6643
side_movement,115.7,126.88,137.77,154.11,0.2832,0.5522,0.5777
side_movement,116.12,138.3,139.18,152.62,0.2923,0.5767,0.5847
side_movement,124.61,144.69,142.33,150.34,0.2878,0.5468,0.549
side_movement,142.33,141.92,150.08,151.2,0.2913,0.5454,0.5066
side_movement,135.18,134.89,153.74,150.56,0.2922,0.5542,0.4988
side_movement,135.02,142.78,151.29,154.24,0.2946,0.5273,0.516
side_movement,131.97,134.34,149.13,154.18,0.2966,0.5404,0.5245
side_movement,138.14,145.2,149.92,155.88,0.2975,0.5241,0.5475
side_movement,136.71,146.04,148.6,155.57,0.3013,0.532,0.5636
side_movement,136.47,143.23,149.32,154.98,0.3012,0.5349,0.5529
side_movement,135.38,142.78,149.42,155.13,0.3008,0.5305,0.5467
side_movement,137.17,144.86,149.93,153.05,0.3006,0.5336,0.5516
side_movement,136.79,142.31,149.89,152.11,0.3002,0.5433,0.5457
side_movement,136.98,142.35,147.71,152.19,0.2995,0.5423,0.5511
side_movement,137.52,143.08,147.15,153.3,0.2995,0.5419,0.5485
side_movement,136.98,139.56,146.92,153.45,0.2995,0.5422,0.5427
side_movement,137.63,141.45,147.01,153.97,0.2989,0.5439,0.5471
side_movement,143.18,140.41,146.68,152.12,0.3009,0.5574,0.5486
side_movement,144.37,141.38,151.55,150.42,0.2987,0.5684,0.5442
side_movement,149.76,146.79,149.75,151.72,0.2966,0.5785,0.5471
side_movement,165.94,164.96,152.13,160.41,0.2867,0.5891,0.5363
side_movement,164.7,172.88,144.68,159.87,0.2772,0.6053,0.5935
side_movement,164.17,177.53,141.77,160.05,0.2688,0.5805,0.6104
side_movement,171.75,173.08,142.58,162.67,0.2568,0.5937,0.6349
side_movement,171.65,158.3,139.37,160.89,0.2447,0.6095,0.6473
side_movement,166.13,150.76,135.19,159.71,0.2407,0.6153,0.639
side_movement,158.4,139.14,135.6,158.64,0.2346,0.6063,0.6411
side_movement,151.28,130.51,139.0,160.76,0.2247,0.6191,0.6273
side_movement,113.51,81.42,141.63,162.13,0.2214,0.6139,0.625
side_movement,112.02,78.56,140.42,165.08,0.208,0.6443,0.5556
side_movement,109.54,74.51,138.48,163.63,0.2114,0.6609,0.5435
side_movement,116.29,74.85,140.89,165.26,0.2077,0.634,0.5007
side_movement,112.0,73.55,141.28,164.22,0.2141,0.6327,0.5746
side_movement,111.92,71.84,139.83,163.71,0.2179,0.6191,0.5551
side_movement,120.69,89.98,140.45,163.64,0.2192,0.5892,0.5428
side_movement,150.62,134.36,139.16,163.71,0.2183,0.611,0.6152
side_movement,158.63,141.89,139.27,162.5,0.2179,0.6303,0.6304
side_movement,170.25,140.77,139.45,164.69,0.2324,0.6285,0.6416
side_movement,174.03,144.43,138.64,165.69,0.2361,0.6329,0.6575
side_movement,173.26,155.17,138.2,164.3,0.2242,0.6735,0.6659
side_movement,175.21,161.31,139.74,165.42,0.2286,0.6834,0.6827
side_movement,170.76,172.69,150.2,165.46,0.2773,0.6001,1.1312
side_movement,173.28,173.22,150.61,165.63,0.2789,0.5858,1.1401
side_movement,173.4,167.99,149.09,165.81,0.2949,0.5684,0.8386
side_movement,164.58,165.95,147.91,166.76,0.3041,0.5405,0.7573
side_movement,146.08,162.45,147.23,163.07,0.3111,0.6008,0.6274
side_movement,116.71,126.87,141.47,152.7,0.2882,0.5836,0.538
side_movement,121.03,133.74,136.94,148.73,0.2935,0.5635,0.5587
side_movement,103.75,132.2,140.21,156.2,0.3032,0.6106,0.5968
side_movement,94.76,107.58,131.13,158.37,0.2974,0.6475,0.562
side_movement,98.18,118.38,128.13,151.83,0.3026,0.6746,0.6662
side_movement,104.76,105.95,129.04,156.69,0.3084,0.7047,0.6669
side_movement,107.69,104.14,119.2,154.26,0.3126,0.6806,0.6397
side_movement,114.22,115.27,126.89,161.5,0.306,0.6282,0.6328
side_movement,107.89,115.06,132.19,157.86,0.3039,0.58,0.6071
side_movement,114.5,112.41,133.19,152.86,0.3004,0.6458,0.6193
side_movement,92.45,99.23,130.34,152.45,0.2963,0.595,0.5938
side_movement,87.4,97.41,127.65,152.39,0.2958,0.5763,0.5971
side_movement,88.04,90.72,127.76,157.33,0.2936,0.559,0.5833
side_movement,88.61,93.79,131.83,158.53,0.2921,0.5637,0.5962
side_movement,90.05,97.82,131.92,157.39,0.2906,0.569,0.6108
side_movement,90.12,102.11,138.8,160.15,0.2895,0.5089,0.5225
side_movement,94.04,105.85,148.24,161.15,0.2879,0.4737,0.5107
side_movement,95.65,116.82,143.15,160.86,0.2854,0.5263,0.5682
side_movement,103.82,122.92,142.86,156.65,0.2861,0.5271,0.594
side_movement,117.86,139.25,142.22,154.29,0.299,0.6001,0.5674
side_movement,123.16,130.93,139.53,151.41,0.3011,0.6477,0.6179
side_movement,131.29,131.22,141.17,152.3,0.2929,0.6276,0.6405
side_movement,128.15,134.05,145.44,159.35,0.2893,0.5888,0.6468
side_movement,125.61,126.24,143.18,161.18,0.2865,0.5881,0.6679
side_movement,121.58,126.72,143.63,161.03,0.2853,0.5956,0.6756
side_movement,123.46,127.96,143.08,161.31,0.2934,0.6122,0.6697
side_movement,109.44,133.11,144.37,166.47,0.2946,0.6847,0.6384
side_movement,112.34,132.44,141.69,165.9,0.2942,0.7166,0.6491
side_movement,119.44,132.78,140.66,165.22,0.2926,0.691,0.6515
side_movement,122.4,132.05,139.87,164.31,0.295,0.6793,0.6465
side_movement,121.96,128.09,135.52,162.99,0.29,0.6625,0.6478
side_movement,127.34,130.05,132.75,162.19,0.2863,0.6405,0.6374
side_movement,134.25,125.5,122.07,143.62,0.2918,0.628,0.658
side_movement,133.48,132.8,119.66,142.56,0.2973,0.6089,0.6255
side_movement,138.44,142.51,110.53,133.1,0.3021,0.5912,0.6464
side_movement,144.21,144.94,105.64,131.81,0.304,0.5888,0.6595
side_movement,139.83,144.65,105.98,127.87,0.3039,0.6006,0.6678
side_movement,140.07,143.36,113.68,127.09,0.3063,0.6139,0.6621
side_movement,141.68,143.51,117.8,133.67,0.3073,0.6235,0.6666
side_movement,144.2,146.48,104.43,124.69,0.3077,0.6234,0.6616
side_movement,143.31,146.07,114.05,128.21,0.3065,0.6215,0.65
side_movement,146.27,140.7,112.16,127.35,0.3069,0.6136,0.6447
side_movement,149.17,136.42,113.5,126.32,0.3144,0.6127,0.6163
side_movement,148.92,134.86,117.73,129.9,0.3114,0.6251,0.6307
side_movement,152.9,139.79,102.71,117.14,0.3199,0.6377,0.66
side_movement,149.03,140.75,103.24,121.66,0.3107,0.6321,0.6213
side_movement,146.61,136.16,110.11,134.64,0.3082,0.6369,0.6214
side_movement,148.27,136.4,113.77,132.49,0.3123,0.6271,0.6278
side_movement,148.3,135.66,112.48,131.09,0.3119,0.6276,0.6153
side_movement,149.62,126.15,118.53,137.76,0.3267,0.6087,0.6179
side_movement,148.53,126.63,122.18,139.39,0.3217,0.6215,0.6194
side_movement,146.67,126.92,120.44,139.05,0.3185,0.6289,0.6273
side_movement,147.41,125.8,120.56,138.25,0.3228,0.6302,0.6306
side_movement,147.88,128.58,120.15,138.09,0.3191,0.6354,0.6276
side_movement,147.54,128.26,120.12,136.6,0.321,0.6378,0.6244
side_movement,146.56,128.61,120.77,132.85,0.3199,0.6402,0.6217
side_movement,145.56,125.61,124.33,138.26,0.3197,0.6456,0.6229
side_movement,145.21,124.58,124.21,135.46,0.32,0.6514,0.6281
side_movement,145.46,125.02,123.82,136.0,0.3189,0.6462,0.6245
side_movement,145.5,126.49,124.42,136.25,0.317,0.6395,0.6259
side_movement,145.68,130.25,118.03,130.79,0.3232,0.6308,0.6256
side_movement,144.95,132.25,106.64,119.51,0.3184,0.6391,0.6256
side_movement,143.68,140.09,100.97,119.9,0.3214,0.6396,0.6579
side_movement,138.82,136.56,106.04,132.91,0.3278,0.619,0.6597
side_movement,137.79,136.55,111.23,133.76,0.3293,0.6139,0.6586
side_movement,138.14,131.02,129.64,149.95,0.3428,0.6321,0.6681
side_movement,140.74,130.6,132.81,155.19,0.3701,0.6151,0.6672
